OrderID,OrderDate,CustomerID,ProductID,Quantity,ProductName,Category,UnitCost,UnitPrice,Region,DiscountPct,Revenue,DiscountAmount,NetRevenue,Cost,Profit,ProfitMarginPct,OrderStatus,DeliveryDays,OnTime,Returned
50001,2025-06-20,1007,2015,9,Cheese 500g,Dairy,55,84.99,KwaZulu-Natal,0.15,764.91,114.73649999999999,650.1735,495,155.1735,23.86647564073282,Completed,4.0,No,No
50002,2026-06-25,1029,2011,5,Potato Chips,Snacks,12,24.99,Eastern Cape,0.0,124.94999999999999,0.0,124.94999999999999,60,64.94999999999999,51.980792316926774,Completed,6.0,No,Yes
50003,2025-02-05,1008,2010,10,Orange Juice,Beverages,25,44.99,KwaZulu-Natal,0.15,449.90000000000003,67.485,382.415,250,132.41500000000002,34.62599531922127,Completed,4.0,No,No
50004,2026-06-09,1001,2003,5,Rice 10kg,Groceries,120,179.99,Eastern Cape,0.05,899.95,44.9975,854.9525000000001,600,254.9525000000001,29.820662551428306,Cancelled,1.0,Yes,Yes
50005,2025-06-09,1003,2014,2,Toilet Paper,Household,70,109.99,KwaZulu-Natal,0.05,219.98,10.999,208.981,140,68.981,33.008263909159204,Completed,3.0,Yes,No
50006,2025-08-31,1024,2016,5,Chicken 2kg,Fresh Produce,85,129.99,Gauteng,0.05,649.95,32.4975,617.4525000000001,425,192.4525000000001,31.16879436069982,Pending,1.0,Yes,No
50007,2025-03-27,1023,2010,3,Orange Juice,Beverages,25,44.99,Eastern Cape,0.08,134.97,10.797600000000001,124.1724,75,49.172399999999996,39.60010437101965,Completed,5.0,No,Yes
50008,2025-01-28,1008,2010,7,Orange Juice,Beverages,25,44.99,KwaZulu-Natal,0.08,314.93,25.1944,289.7356,175,114.73559999999998,39.60010437101964,Completed,2.0,Yes,No
50009,2025-12-06,1047,2012,10,Dishwashing Liquid,Cleaning,45,69.99,Western Cape,0.15,699.9,104.985,594.915,450,144.91499999999996,24.358942033735907,Pending,4.0,No,No
50010,2025-11-27,1037,2009,5,Breakfast Cereal,Groceries,55,89.99,KwaZulu-Natal,0.08,449.95,35.996,413.954,275,138.954,33.56749783792402,Completed,5.0,No,Yes
50011,2026-05-21,1003,2001,8,White Bread,Bakery,10,18.99,KwaZulu-Natal,0.15,151.92,22.787999999999997,129.132,80,49.132000000000005,38.04788898181706,Completed,3.0,Yes,No
50012,2025-12-14,1033,2005,1,Laundry Powder,Cleaning,100,145.0,Eastern Cape,0.03,145.0,4.35,140.65,100,40.650000000000006,28.901528617134737,Cancelled,2.0,Yes,No
50013,2026-04-18,1028,2020,3,Microwave Oven,Electronics,1200,1799.99,Western Cape,0.1,5399.97,539.9970000000001,4859.973,3600,1259.973,25.925514401005934,Completed,1.0,Yes,No
50014,2025-08-19,1047,2008,3,Instant Coffee,Beverages,90,139.99,Western Cape,0.08,419.97,33.5976,386.3724,270,116.37240000000003,30.11923211906441,Completed,2.0,Yes,No
50015,2025-07-09,1008,2011,9,Potato Chips,Snacks,12,24.99,KwaZulu-Natal,0.05,224.91,11.2455,213.6645,108,105.6645,49.45346559676502,Pending,4.0,No,No
50016,2025-08-13,1034,2012,5,Dishwashing Liquid,Cleaning,45,69.99,Gauteng,0.03,349.95,10.4985,339.4515,225,114.45150000000001,33.71659868935622,Completed,3.0,Yes,No
50017,2026-01-20,1035,2001,12,White Bread,Bakery,10,18.99,KwaZulu-Natal,0.15,227.88,34.181999999999995,193.698,120,73.69800000000001,38.04788898181706,Completed,2.0,Yes,Yes
50018,2026-01-12,1032,2020,9,Microwave Oven,Electronics,1200,1799.99,Eastern Cape,,16199.91,2429.9865,13769.9235,10800,2969.923500000001,21.568191718712168,Completed,4.0,No,No
50019,2025-10-10,1024,2011,9,Potato Chips,Snacks,12,24.99,Gauteng,0.05,224.91,11.2455,213.6645,108,105.6645,49.45346559676502,Completed,3.0,Yes,No
50020,2025-09-16,1014,2005,1,Laundry Powder,Cleaning,100,145.0,Western Cape,0.03,145.0,4.35,140.65,100,40.650000000000006,28.901528617134737,Pending,2.0,Yes,No
50021,2025-12-25,1032,2015,2,Cheese 500g,Dairy,55,84.99,Eastern Cape,0.0,169.98,0.0,169.98,110,59.97999999999999,35.286504294622894,Completed,2.0,Yes,No
50022,2026-04-01,1046,2005,5,Laundry Powder,Cleaning,100,145.0,Gauteng,0.0,725.0,0.0,725.0,500,225.0,31.03448275862069,Completed,3.0,Yes,No
50023,2026-02-15,1043,2012,4,Dishwashing Liquid,Cleaning,45,69.99,Eastern Cape,0.03,279.96,8.3988,271.5612,180,91.56119999999999,33.71659868935621,Cancelled,5.0,No,No
50024,2025-11-14,1016,2005,10,Laundry Powder,Cleaning,100,145.0,Western Cape,0.05,1450.0,72.5,1377.5,1000,377.5,27.404718693284934,Completed,1.0,Yes,No
50025,2025-08-13,1004,2017,9,Beef Mince 1kg,Fresh Produce,100,159.99,Free State,0.15,1439.91,215.9865,1223.9235,900,323.9235000000001,26.465992359816614,Cancelled,3.0,Yes,No
50026,2025-08-22,1037,2017,7,Beef Mince 1kg,Fresh Produce,100,159.99,KwaZulu-Natal,0.03,1119.93,33.5979,1086.3321,700,386.3321000000001,35.562982995715586,Completed,2.0,Yes,No
50027,2026-01-09,1021,2012,6,Dishwashing Liquid,Cleaning,45,69.99,Western Cape,0.03,419.93999999999994,12.598199999999999,407.3417999999999,270,137.34179999999992,33.716598689356196,Completed,6.0,No,No
50028,2026-04-17,1014,2015,7,Cheese 500g,Dairy,55,84.99,Western Cape,0.05,594.93,29.746499999999997,565.1835,385,180.18349999999998,31.880530836445153,Pending,2.0,Yes,No
50029,2025-08-21,1031,2015,1,Cheese 500g,Dairy,55,84.99,KwaZulu-Natal,0.08,84.99,6.7992,78.1908,55,23.190799999999996,29.659243798503145,Pending,6.0,No,No
50030,2025-04-23,1048,2006,1,Chocolate Bar,Snacks,9,17.99,Free State,0.08,17.99,1.4391999999999998,16.5508,9,7.550799999999999,45.62196389298402,Pending,5.0,No,No
50031,2026-05-12,1018,2012,8,Dishwashing Liquid,Cleaning,45,69.99,Free State,0.15,559.92,83.98799999999999,475.93199999999996,360,115.93199999999996,24.358942033735907,Completed,1.0,Yes,No
50032,2026-03-18,1007,2020,2,Microwave Oven,Electronics,1200,1799.99,KwaZulu-Natal,0.1,3599.98,359.99800000000005,3239.982,2400,839.982,25.925514401005934,Completed,,No,No
50033,2025-09-25,1010,2018,12,LED Television,Electronics,3800,5499.99,Free State,0.1,65999.88,6599.988000000001,59399.89200000001,45600,13799.892000000007,23.232183654475342,Completed,6.0,No,No
50034,2026-05-25,1007,2014,10,Toilet Paper,Household,70,109.99,KwaZulu-Natal,0.15,1099.8999999999999,164.98499999999999,934.9149999999998,700,234.91499999999985,25.126883192589688,Cancelled,3.0,Yes,No
50035,2026-01-21,1033,2002,11,Full Cream Milk,Dairy,15,24.5,Eastern Cape,0.1,269.5,26.950000000000003,242.55,165,77.55000000000001,31.97278911564626,Pending,3.0,Yes,No
50036,2026-01-22,1023,2009,9,Breakfast Cereal,Groceries,55,89.99,Eastern Cape,0.15,809.91,121.48649999999999,688.4235,495,193.4235,28.09658589516482,Pending,1.0,Yes,No
50037,2025-04-23,1021,2005,7,Laundry Powder,Cleaning,100,145.0,Western Cape,0.08,1015.0,81.2,933.8,700,233.79999999999995,25.03748125937031,Cancelled,3.0,Yes,No
50038,2025-03-22,1019,2020,6,Microwave Oven,Electronics,1200,1799.99,Gauteng,0.15,10799.94,1619.991,9179.949,7200,1979.9490000000005,21.568191718712168,Cancelled,4.0,No,No
50039,2025-04-23,1048,2001,1,White Bread,Bakery,10,18.99,Free State,0.03,18.99,0.5697,18.420299999999997,10,8.420299999999997,45.71206766447886,Completed,1.0,Yes,No
50040,2025-01-02,1019,2003,1,Rice 10kg,Groceries,120,179.99,Gauteng,0.0,179.99,0.0,179.99,120,59.99000000000001,33.32962942385688,Pending,2.0,Yes,No
50041,2025-08-08,1036,2006,2,Chocolate Bar,Snacks,9,17.99,Free State,0.08,35.98,2.8783999999999996,33.1016,18,15.101599999999998,45.62196389298402,Cancelled,6.0,No,No
50042,2025-08-13,1029,2005,6,Laundry Powder,Cleaning,100,145.0,Eastern Cape,0.08,870.0,69.60000000000001,800.4,600,200.39999999999998,25.037481259370313,Completed,2.0,Yes,No
50043,2026-01-20,1018,2005,6,Laundry Powder,Cleaning,100,145.0,Free State,0.08,870.0,69.60000000000001,800.4,600,200.39999999999998,25.037481259370313,Completed,2.0,Yes,No
50044,2026-02-07,1002,2001,2,White Bread,Bakery,10,18.99,Free State,0.05,37.98,1.899,36.080999999999996,20,16.080999999999996,44.569163825836306,Pending,6.0,No,No
50045,2025-05-10,1001,2017,1,Beef Mince 1kg,Fresh Produce,100,159.99,Eastern Cape,0.08,159.99,12.7992,147.1908,100,47.190799999999996,32.060971202004474,Cancelled,4.0,No,No
50046,2025-02-22,1047,2019,10,Bluetooth Speaker,Electronics,500,799.99,Western Cape,0.0,7999.9,0.0,7999.9,5000,2999.8999999999996,37.499218740234255,Completed,6.0,No,Yes
50047,2026-02-20,1005,2014,5,Toilet Paper,Household,70,109.99,Free State,0.03,549.9499999999999,16.498499999999996,533.4514999999999,350,183.4514999999999,34.38953681824869,Completed,6.0,No,No
50048,2025-09-04,1020,2012,5,Dishwashing Liquid,Cleaning,45,69.99,Eastern Cape,0.05,349.95,17.4975,332.4525,225,107.45249999999999,32.32115866176371,Completed,6.0,No,No
50049,2026-03-15,1011,2010,2,Orange Juice,Beverages,25,44.99,Eastern Cape,0.05,89.98,4.4990000000000006,85.48100000000001,50,35.48100000000001,41.50746949614535,Completed,5.0,No,No
50050,2025-07-22,1042,2020,6,Microwave Oven,Electronics,1200,1799.99,Gauteng,0.0,10799.94,0.0,10799.94,7200,3599.9400000000005,33.33296296090534,Pending,4.0,No,No
50051,2025-07-03,1002,2018,9,LED Television,Electronics,3800,5499.99,Free State,0.0,49499.909999999996,0.0,49499.909999999996,34200,15299.909999999996,30.908965289027794,Completed,3.0,Yes,No
50052,2025-05-03,1003,2011,2,Potato Chips,Snacks,12,24.99,KwaZulu-Natal,0.05,49.98,2.499,47.480999999999995,24,23.480999999999995,49.453465596765014,Completed,3.0,Yes,No
50053,2026-02-05,1023,2002,10,Full Cream Milk,Dairy,15,24.5,Eastern Cape,0.05,245.0,12.25,232.75,150,82.75,35.5531686358754,Cancelled,3.0,Yes,No
50054,2025-10-21,1012,2018,2,LED Television,Electronics,3800,5499.99,KwaZulu-Natal,0.0,10999.98,0.0,10999.98,7600,3399.9799999999996,30.908965289027794,Completed,1.0,Yes,No
50055,2025-10-07,1020,2007,3,Cooking Oil 2L,Groceries,80,119.99,Eastern Cape,0.08,359.96999999999997,28.7976,331.1724,240,91.17239999999998,27.53019273345242,Completed,3.0,Yes,No
50056,2025-07-17,1005,2015,7,Cheese 500g,Dairy,55,84.99,Free State,0.05,594.93,29.746499999999997,565.1835,385,180.18349999999998,31.880530836445153,Completed,4.0,No,No
50057,2026-05-26,1037,2011,6,Potato Chips,Snacks,12,24.99,KwaZulu-Natal,0.0,149.94,0.0,149.94,72,77.94,51.980792316926774,Completed,2.0,Yes,No
50058,2025-05-24,1038,2018,12,LED Television,Electronics,3800,5499.99,Free State,0.0,65999.88,0.0,65999.88,45600,20399.880000000005,30.9089652890278,Completed,5.0,No,No
50059,2025-07-20,1030,2012,8,Dishwashing Liquid,Cleaning,45,69.99,Eastern Cape,0.05,559.92,27.996,531.924,360,171.92399999999998,32.32115866176371,Completed,2.0,Yes,No
50060,2025-05-04,1009,2006,8,Chocolate Bar,Snacks,9,17.99,KwaZulu-Natal,0.15,143.92,21.587999999999997,122.332,72,50.331999999999994,41.14377268417094,Completed,2.0,Yes,No
50061,2025-07-06,1034,2020,6,Microwave Oven,Electronics,1200,1799.99,Gauteng,0.0,10799.94,0.0,10799.94,7200,3599.9400000000005,33.33296296090534,Completed,2.0,Yes,No
50062,2025-11-22,1044,2013,12,Shampoo,Personal Care,65,99.99,Western Cape,0.05,1199.8799999999999,59.994,1139.886,780,359.88599999999997,31.57210457887894,Completed,5.0,No,No
50063,2026-04-09,1035,2020,11,Microwave Oven,Electronics,1200,1799.99,KwaZulu-Natal,0.1,19799.89,1979.989,17819.900999999998,13200,4619.900999999998,25.925514401005923,Completed,3.0,Yes,No
50064,2025-12-15,1022,2016,10,Chicken 2kg,Fresh Produce,85,129.99,Free State,0.15,1299.9,194.985,1104.915,850,254.91499999999996,23.07100546195861,Completed,2.0,Yes,No
50065,2026-02-07,1044,2018,3,LED Television,Electronics,3800,5499.99,Western Cape,0.1,16499.97,1649.9970000000003,14849.973000000002,11400,3449.973000000002,23.232183654475342,Pending,5.0,No,No
50066,2025-12-12,1024,2010,3,Orange Juice,Beverages,25,44.99,Gauteng,0.0,134.97,0.0,134.97,75,59.97,44.432096021338076,Cancelled,5.0,No,No
50067,2026-05-26,1017,2008,1,Instant Coffee,Beverages,90,139.99,Eastern Cape,0.03,139.99,4.1997,135.7903,90,45.7903,33.721333556226035,Cancelled,3.0,Yes,No
50068,2025-05-27,1010,2018,7,LED Television,Electronics,3800,5499.99,Free State,0.05,38499.93,1924.9965000000002,36574.9335,26600,9974.9335,27.272595041081892,Completed,5.0,No,No
50069,2025-05-28,1030,2001,5,White Bread,Bakery,10,18.99,Eastern Cape,0.05,94.94999999999999,4.7475,90.20249999999999,50,40.202499999999986,44.569163825836306,Cancelled,3.0,Yes,No
50070,2026-05-04,1046,2008,4,Instant Coffee,Beverages,90,139.99,Gauteng,0.05,559.96,27.998000000000005,531.962,360,171.962,32.32599321004132,Completed,2.0,Yes,No
50071,2025-12-04,1023,2006,10,Chocolate Bar,Snacks,9,17.99,Eastern Cape,0.15,179.89999999999998,26.984999999999996,152.915,90,62.91499999999999,41.14377268417094,Completed,5.0,No,No
50072,2026-04-18,1032,2005,4,Laundry Powder,Cleaning,100,145.0,Eastern Cape,0.0,580.0,0.0,580.0,400,180.0,31.03448275862069,Cancelled,1.0,Yes,No
50073,2025-05-31,1017,2015,4,Cheese 500g,Dairy,55,84.99,Eastern Cape,0.08,339.96,27.1968,312.7632,220,92.76319999999998,29.659243798503145,Completed,5.0,No,No
50074,2026-02-19,1050,2015,6,Cheese 500g,Dairy,55,84.99,Eastern Cape,0.05,509.93999999999994,25.497,484.4429999999999,330,154.44299999999993,31.880530836445143,Pending,2.0,Yes,No
50075,2025-10-25,1017,2002,8,Full Cream Milk,Dairy,15,24.5,Eastern Cape,0.05,196.0,9.8,186.2,120,66.19999999999999,35.5531686358754,Completed,2.0,Yes,No
50076,2025-09-20,1014,2001,8,White Bread,Bakery,10,18.99,Western Cape,0.05,151.92,7.596,144.32399999999998,80,64.32399999999998,44.569163825836306,Completed,2.0,Yes,No
50077,2025-05-24,1009,2011,5,Potato Chips,Snacks,12,24.99,KwaZulu-Natal,0.03,124.94999999999999,3.7484999999999995,121.2015,60,61.201499999999996,50.495662182398725,Completed,5.0,No,No
50078,2025-12-12,1040,2010,6,Orange Juice,Beverages,25,44.99,Western Cape,0.03,269.94,8.0982,261.8418,150,111.84179999999998,42.71350105292584,Completed,3.0,Yes,No
50079,2025-01-02,1002,2018,4,LED Television,Electronics,3800,5499.99,Free State,0.05,21999.96,1099.998,20899.962,15200,5699.9619999999995,27.272595041081892,Completed,2.0,Yes,No
50080,2025-10-31,1045,2018,12,LED Television,Electronics,3800,5499.99,Western Cape,0.15,65999.88,9899.982,56099.898,45600,10499.898000000001,18.71642975179741,Completed,4.0,No,No
50081,2025-09-11,1025,2017,11,Beef Mince 1kg,Fresh Produce,100,159.99,Gauteng,0.1,1759.89,175.98900000000003,1583.901,1100,483.90100000000007,30.551215006493464,Cancelled,4.0,No,No
50082,2026-03-29,1039,2008,9,Instant Coffee,Beverages,90,139.99,Gauteng,0.15,1259.91,188.9865,1070.9235,810,260.9235000000001,24.364345352399127,Completed,4.0,No,No
50083,2025-02-06,1009,2015,8,Cheese 500g,Dairy,55,84.99,KwaZulu-Natal,0.15,679.92,101.98799999999999,577.932,440,137.93200000000002,23.866475640732823,Completed,3.0,Yes,No
50084,2025-06-09,1022,2008,10,Instant Coffee,Beverages,90,139.99,Free State,0.15,1399.9,209.985,1189.915,900,289.91499999999996,24.36434535239912,Completed,3.0,Yes,No
50085,2025-01-09,1043,2017,12,Beef Mince 1kg,Fresh Produce,100,159.99,Eastern Cape,0.1,1919.88,191.98800000000003,1727.892,1200,527.892,30.551215006493464,Completed,6.0,No,No
50086,2025-08-21,1046,2012,10,Dishwashing Liquid,Cleaning,45,69.99,Gauteng,0.05,699.9,34.995,664.905,450,214.90499999999997,32.32115866176371,Completed,1.0,Yes,No
50087,2025-04-09,1004,2008,1,Instant Coffee,Beverages,90,139.99,Free State,0.08,139.99,11.199200000000001,128.79080000000002,90,38.79080000000002,30.119232119064414,Completed,1.0,Yes,No
50088,2025-07-27,1026,2014,2,Toilet Paper,Household,70,109.99,KwaZulu-Natal,0.03,219.98,6.599399999999999,213.3806,140,73.38059999999999,34.3895368182487,Completed,2.0,Yes,No
50089,2025-05-11,1029,2004,9,Coca-Cola 2L,Beverages,17,26.99,Eastern Cape,,242.91,12.1455,230.7645,153,77.7645,33.69864082213685,Completed,2.0,Yes,No
50090,2026-02-08,1045,2001,8,White Bread,Bakery,10,18.99,Western Cape,0.15,151.92,22.787999999999997,129.132,80,49.132000000000005,38.04788898181706,Pending,5.0,No,No
50091,2025-06-01,1034,2001,3,White Bread,Bakery,10,18.99,Gauteng,0.05,56.97,2.8485,54.1215,30,24.121499999999997,44.56916382583631,Pending,4.0,No,No
50092,2025-02-23,1023,2019,8,Bluetooth Speaker,Electronics,500,799.99,Eastern Cape,0.1,6399.92,639.9920000000001,5759.928,4000,1759.9279999999999,30.554687489149167,Completed,5.0,No,No
50093,2025-04-30,1037,2016,12,Chicken 2kg,Fresh Produce,85,129.99,KwaZulu-Natal,0.05,1559.88,77.99400000000001,1481.8860000000002,1020,461.8860000000002,31.16879436069982,Cancelled,6.0,No,No
50094,2026-02-24,1011,2014,1,Toilet Paper,Household,70,109.99,Eastern Cape,0.03,109.99,3.2996999999999996,106.6903,70,36.69029999999999,34.3895368182487,Completed,4.0,No,No
50095,2026-02-26,1006,2016,10,Chicken 2kg,Fresh Produce,85,129.99,Western Cape,0.05,1299.9,64.995,1234.9050000000002,850,384.9050000000002,31.16879436069982,Completed,2.0,Yes,No
50096,2025-04-14,1018,2005,4,Laundry Powder,Cleaning,100,145.0,Free State,0.05,580.0,29.0,551.0,400,151.0,27.404718693284934,Completed,2.0,Yes,No
50097,2025-09-11,1021,2009,3,Breakfast Cereal,Groceries,55,89.99,Western Cape,0.08,269.96999999999997,21.597599999999996,248.37239999999997,165,83.37239999999997,33.567497837924016,Pending,3.0,Yes,No
50098,2025-08-15,1042,2002,6,Full Cream Milk,Dairy,15,24.5,Gauteng,0.03,147.0,4.41,142.59,90,52.59,36.88196928255839,Completed,5.0,No,No
50099,2025-04-22,1036,2018,7,LED Television,Electronics,3800,5499.99,Free State,0.05,38499.93,1924.9965000000002,36574.9335,26600,9974.9335,27.272595041081892,Completed,3.0,Yes,No
50100,2026-05-25,1041,2006,4,Chocolate Bar,Snacks,9,17.99,Eastern Cape,0.05,71.96,3.598,68.362,36,32.361999999999995,47.339165033205575,Cancelled,3.0,Yes,No
50101,2026-04-18,1038,2009,7,Breakfast Cereal,Groceries,55,89.99,Free State,0.08,629.93,50.3944,579.5355999999999,385,194.53559999999993,33.567497837924016,Completed,3.0,Yes,No
50102,2025-04-09,1034,2001,9,White Bread,Bakery,10,18.99,Gauteng,0.05,170.91,8.5455,162.3645,90,72.36449999999999,44.56916382583631,Completed,2.0,Yes,No
50103,2025-06-02,1017,2009,11,Breakfast Cereal,Groceries,55,89.99,Eastern Cape,0.1,989.89,98.989,890.901,605,285.90099999999995,32.09122001210011,Cancelled,1.0,Yes,No
50104,2025-12-04,1037,2016,2,Chicken 2kg,Fresh Produce,85,129.99,KwaZulu-Natal,0.08,259.98,20.7984,239.1816,170,69.1816,28.924298524635677,Completed,2.0,Yes,No
50105,2025-06-12,1025,2013,11,Shampoo,Personal Care,65,99.99,Gauteng,0.05,1099.8899999999999,54.994499999999995,1044.8954999999999,715,329.89549999999986,31.57210457887893,Cancelled,3.0,Yes,No
50106,2025-06-10,1038,2009,3,Breakfast Cereal,Groceries,55,89.99,Free State,0.08,269.96999999999997,21.597599999999996,248.37239999999997,165,83.37239999999997,33.567497837924016,Completed,2.0,Yes,No
50107,2026-02-02,1012,2013,5,Shampoo,Personal Care,65,99.99,KwaZulu-Natal,0.08,499.95,39.996,459.954,325,134.954,29.340760162972817,Completed,3.0,Yes,No
50108,2025-10-04,1023,2009,3,Breakfast Cereal,Groceries,55,89.99,Eastern Cape,0.05,269.96999999999997,13.4985,256.4715,165,91.47149999999999,35.665366327252734,Cancelled,3.0,Yes,No
50109,2026-05-19,1042,2011,11,Potato Chips,Snacks,12,24.99,Gauteng,0.15,274.89,41.2335,233.6565,132,101.6565,43.50681449050208,Completed,4.0,No,No
50110,2026-01-27,1022,2004,8,Coca-Cola 2L,Beverages,17,26.99,Free State,0.1,215.92,21.592,194.32799999999997,136,58.327999999999975,30.015231978922223,Completed,1.0,Yes,No
50111,2025-05-15,1021,2002,12,Full Cream Milk,Dairy,15,24.5,Western Cape,0.1,294.0,29.400000000000002,264.6,180,84.60000000000002,31.972789115646265,Completed,3.0,Yes,No
50112,2025-07-14,1027,2006,10,Chocolate Bar,Snacks,9,17.99,KwaZulu-Natal,0.15,179.89999999999998,26.984999999999996,152.915,90,62.91499999999999,41.14377268417094,Completed,2.0,Yes,No
50113,2026-02-05,1031,2014,8,Toilet Paper,Household,70,109.99,KwaZulu-Natal,0.15,879.92,131.988,747.932,560,187.93200000000002,25.1268831925897,Completed,2.0,Yes,No
50114,2025-02-02,1006,2004,8,Coca-Cola 2L,Beverages,17,26.99,Western Cape,0.05,215.92,10.796,205.124,136,69.124,33.69864082213685,Completed,2.0,Yes,No
50115,2026-04-05,1027,2006,12,Chocolate Bar,Snacks,9,17.99,KwaZulu-Natal,0.05,215.88,10.794,205.08599999999998,108,97.08599999999998,47.339165033205575,Completed,5.0,No,No
50116,2026-04-15,1040,2019,12,Bluetooth Speaker,Electronics,500,799.99,Western Cape,0.15,9599.880000000001,1439.9820000000002,8159.898000000001,6000,2159.898000000001,26.469669106157955,Pending,2.0,Yes,No
50117,2026-01-10,1034,2006,9,Chocolate Bar,Snacks,9,17.99,Gauteng,0.15,161.91,24.2865,137.6235,81,56.62350000000001,41.14377268417095,Pending,6.0,No,No
50118,2025-01-22,1012,2002,4,Full Cream Milk,Dairy,15,24.5,KwaZulu-Natal,0.08,98.0,7.84,90.16,60,30.159999999999997,33.451641526175685,Cancelled,6.0,No,No
50119,2025-02-07,1045,2018,5,LED Television,Electronics,3800,5499.99,Western Cape,0.0,27499.949999999997,0.0,27499.949999999997,19000,8499.949999999997,30.90896528902779,Pending,4.0,No,No
50120,2025-08-18,1007,2013,5,Shampoo,Personal Care,65,99.99,KwaZulu-Natal,0.05,499.95,24.997500000000002,474.9525,325,149.9525,31.57210457887894,Completed,3.0,Yes,Yes
50121,2025-12-31,1010,2009,8,Breakfast Cereal,Groceries,55,89.99,Free State,0.15,719.92,107.98799999999999,611.932,440,171.93200000000002,28.09658589516482,Cancelled,4.0,No,No
50122,2026-03-14,1045,2019,7,Bluetooth Speaker,Electronics,500,799.99,Western Cape,0.05,5599.93,279.9965,5319.9335,3500,1819.9335,34.20970393708869,Completed,5.0,No,No
50123,2025-10-10,1017,2013,9,Shampoo,Personal Care,65,99.99,Eastern Cape,0.1,899.91,89.991,809.919,585,224.91899999999998,27.7705548332611,Completed,3.0,Yes,No
50124,2025-01-27,1026,2011,8,Potato Chips,Snacks,12,24.99,KwaZulu-Natal,0.05,199.92,9.996,189.92399999999998,96,93.92399999999998,49.453465596765014,Completed,4.0,No,Yes
50125,2025-08-14,1021,2001,2,White Bread,Bakery,10,18.99,Western Cape,0.08,37.98,3.0383999999999998,34.941599999999994,20,14.941599999999994,42.76163655928749,Completed,4.0,No,No
50126,2025-10-04,1028,2007,10,Cooking Oil 2L,Groceries,80,119.99,Western Cape,0.1,1199.8999999999999,119.99,1079.9099999999999,800,279.90999999999985,25.919752571973582,Completed,6.0,No,No
50127,2025-10-11,1046,2015,12,Cheese 500g,Dairy,55,84.99,Gauteng,0.15,1019.8799999999999,152.98199999999997,866.8979999999999,660,206.8979999999999,23.866475640732812,Cancelled,3.0,Yes,No
50128,2026-04-26,1002,2001,4,White Bread,Bakery,10,18.99,Free State,0.08,75.96,6.0767999999999995,69.88319999999999,40,29.883199999999988,42.76163655928749,Completed,6.0,No,No
50129,2026-03-29,1043,2012,6,Dishwashing Liquid,Cleaning,45,69.99,Eastern Cape,0.08,419.93999999999994,33.5952,386.34479999999996,270,116.34479999999996,30.11423992247339,Completed,2.0,Yes,No
50130,2026-05-31,1001,2007,12,Cooking Oil 2L,Groceries,80,119.99,Eastern Cape,0.05,1439.8799999999999,71.994,1367.886,960,407.88599999999997,29.818712962922344,Completed,3.0,Yes,No
50131,2025-07-11,1036,2015,2,Cheese 500g,Dairy,55,84.99,Free State,0.05,169.98,8.499,161.481,110,51.480999999999995,31.880530836445153,Completed,3.0,Yes,No
50132,2025-02-18,1026,2019,7,Bluetooth Speaker,Electronics,500,799.99,KwaZulu-Natal,0.1,5599.93,559.993,5039.937,3500,1539.937,30.554687489149167,Completed,4.0,No,No
50133,2026-05-27,1029,2001,3,White Bread,Bakery,10,18.99,Eastern Cape,0.0,56.97,0.0,56.97,30,26.97,47.34070563454449,Completed,6.0,No,No
50134,2025-01-17,1021,2017,3,Beef Mince 1kg,Fresh Produce,100,159.99,Western Cape,0.08,479.97,38.397600000000004,441.5724,300,141.57240000000002,32.060971202004474,Pending,3.0,Yes,No
50135,2025-06-21,1011,2017,11,Beef Mince 1kg,Fresh Produce,100,159.99,Eastern Cape,0.05,1759.89,87.99450000000002,1671.8955,1100,571.8955000000001,34.20641421667802,Completed,5.0,No,No
50136,2025-08-08,1040,2003,2,Rice 10kg,Groceries,120,179.99,Western Cape,0.0,359.98,0.0,359.98,240,119.98000000000002,33.32962942385688,Completed,5.0,No,No
50137,2025-06-07,1011,2012,11,Dishwashing Liquid,Cleaning,45,69.99,Eastern Cape,0.1,769.89,76.989,692.901,495,197.90099999999995,28.561223031861687,Cancelled,4.0,No,No
50138,2026-04-22,1036,2006,8,Chocolate Bar,Snacks,9,17.99,Free State,0.1,143.92,14.392,129.528,72,57.52799999999999,44.41356309060589,Completed,3.0,Yes,No
50139,2025-02-15,1049,2011,6,Potato Chips,Snacks,12,24.99,Western Cape,0.0,149.94,0.0,149.94,72,77.94,51.980792316926774,Completed,2.0,Yes,No
50140,2026-01-08,1039,2003,1,Rice 10kg,Groceries,120,179.99,Gauteng,0.03,179.99,5.3997,174.5903,120,54.59030000000001,31.26765919985246,Completed,6.0,No,No
50141,2026-06-02,1040,2008,12,Instant Coffee,Beverages,90,139.99,Western Cape,0.05,1679.88,83.99400000000001,1595.8860000000002,1080,515.8860000000002,32.325993210041325,Completed,3.0,Yes,No
50142,2025-04-09,1035,2014,1,Toilet Paper,Household,70,109.99,KwaZulu-Natal,0.08,109.99,8.799199999999999,101.1908,70,31.190799999999996,30.82375077576222,Completed,1.0,Yes,No
50143,2025-02-06,1034,2014,7,Toilet Paper,Household,70,109.99,Gauteng,0.05,769.93,38.4965,731.4335,490,241.43349999999998,33.008263909159204,Completed,1.0,Yes,No
50144,2025-10-07,1047,2010,8,Orange Juice,Beverages,25,44.99,Western Cape,0.1,359.92,35.992000000000004,323.928,200,123.928,38.257884468153414,Pending,1.0,Yes,No
50145,2025-12-15,1024,2002,5,Full Cream Milk,Dairy,15,24.5,Gauteng,0.08,122.5,9.8,112.7,75,37.7,33.45164152617569,Completed,4.0,No,No
50146,2026-05-12,1022,2014,12,Toilet Paper,Household,70,109.99,Free State,0.05,1319.8799999999999,65.994,1253.886,840,413.88599999999997,33.008263909159204,Cancelled,5.0,No,No
50147,2025-10-29,1005,2009,11,Breakfast Cereal,Groceries,55,89.99,Free State,0.15,989.89,148.4835,841.4065,605,236.40650000000005,28.09658589516483,Completed,2.0,Yes,No
50148,2025-06-30,1033,2003,5,Rice 10kg,Groceries,120,179.99,Eastern Cape,0.08,899.95,71.99600000000001,827.9540000000001,600,227.95400000000006,27.532205895496613,Completed,6.0,No,No
50149,2025-04-09,1036,2008,4,Instant Coffee,Beverages,90,139.99,Free State,0.05,559.96,27.998000000000005,531.962,360,171.962,32.32599321004132,Completed,5.0,No,Yes
50150,2025-04-26,1047,2016,6,Chicken 2kg,Fresh Produce,85,129.99,Western Cape,0.08,779.94,62.3952,717.5448,510,207.5448,28.924298524635677,Completed,2.0,Yes,No
50151,2025-07-10,1020,2002,6,Full Cream Milk,Dairy,15,24.5,Eastern Cape,0.05,147.0,7.3500000000000005,139.65,90,49.650000000000006,35.5531686358754,Completed,2.0,Yes,No
50152,2025-09-10,1019,2006,3,Chocolate Bar,Snacks,9,17.99,Gauteng,0.03,53.97,1.6191,52.350899999999996,27,25.350899999999996,48.424955444892056,Cancelled,5.0,No,Yes
50153,2025-06-10,1035,2012,9,Dishwashing Liquid,Cleaning,45,69.99,KwaZulu-Natal,0.1,629.91,62.991,566.919,405,161.91899999999998,28.561223031861694,Completed,6.0,No,Yes
50154,2025-09-13,1043,2005,12,Laundry Powder,Cleaning,100,145.0,Eastern Cape,0.05,1740.0,87.0,1653.0,1200,453.0,27.404718693284934,Completed,4.0,No,No
50155,2025-11-19,1017,2002,11,Full Cream Milk,Dairy,15,24.5,Eastern Cape,0.15,269.5,40.425,229.075,165,64.07499999999999,27.97118847539015,Pending,3.0,Yes,No
50156,2025-05-08,1045,2016,7,Chicken 2kg,Fresh Produce,85,129.99,Western Cape,0.05,909.9300000000001,45.496500000000005,864.4335000000001,595,269.4335000000001,31.16879436069982,Cancelled,2.0,Yes,No
50157,2025-01-18,1043,2005,1,Laundry Powder,Cleaning,100,145.0,Eastern Cape,0.08,145.0,11.6,133.4,100,33.400000000000006,25.03748125937032,Completed,2.0,Yes,No
50158,2025-11-19,1034,2015,7,Cheese 500g,Dairy,55,84.99,Gauteng,0.03,594.93,17.8479,577.0821,385,192.08209999999997,33.285055973838034,Completed,5.0,No,No
50159,2025-10-15,1009,2012,5,Dishwashing Liquid,Cleaning,45,69.99,KwaZulu-Natal,0.08,349.95,27.996,321.954,225,96.95400000000001,30.114239922473395,Pending,5.0,No,No
50160,2025-06-04,1026,2004,5,Coca-Cola 2L,Beverages,17,26.99,KwaZulu-Natal,0.03,134.95,4.0485,130.9015,85,45.9015,35.06567915570104,Completed,1.0,Yes,No
50161,2026-05-05,1002,2015,2,Cheese 500g,Dairy,55,84.99,Free State,0.0,169.98,0.0,169.98,110,59.97999999999999,35.286504294622894,Completed,3.0,Yes,No
50162,2026-01-21,1009,2011,4,Potato Chips,Snacks,12,24.99,KwaZulu-Natal,0.08,99.96,7.9967999999999995,91.9632,48,43.9632,47.8052090401378,Pending,1.0,Yes,No
50163,2025-04-14,1009,2016,12,Chicken 2kg,Fresh Produce,85,129.99,KwaZulu-Natal,0.15,1559.88,233.982,1325.8980000000001,1020,305.89800000000014,23.07100546195862,Pending,5.0,No,No
50164,2026-01-28,1040,2006,6,Chocolate Bar,Snacks,9,17.99,Western Cape,0.03,107.94,3.2382,104.70179999999999,54,50.70179999999999,48.424955444892056,Completed,5.0,No,Yes
50165,2025-09-03,1017,2014,10,Toilet Paper,Household,70,109.99,Eastern Cape,0.05,1099.8999999999999,54.995,1044.905,700,344.905,33.008263909159204,Completed,2.0,Yes,No
50166,2025-06-25,1001,2018,11,LED Television,Electronics,3800,5499.99,Eastern Cape,0.05,60499.89,3024.9945000000002,57474.8955,41800,15674.895499999999,27.272595041081892,Completed,3.0,Yes,No
50167,2025-02-08,1025,2012,7,Dishwashing Liquid,Cleaning,45,69.99,Gauteng,0.03,489.92999999999995,14.697899999999997,475.23209999999995,315,160.23209999999995,33.7165986893562,Cancelled,3.0,Yes,No
50168,2026-04-22,1043,2011,11,Potato Chips,Snacks,12,24.99,Eastern Cape,0.15,274.89,41.2335,233.6565,132,101.6565,43.50681449050208,Pending,2.0,Yes,No
50169,2026-06-22,1040,2013,5,Shampoo,Personal Care,65,99.99,Western Cape,0.05,499.95,24.997500000000002,474.9525,325,149.9525,31.57210457887894,Completed,6.0,No,No
50170,2026-02-12,1042,2011,9,Potato Chips,Snacks,12,24.99,Gauteng,0.1,224.91,22.491,202.41899999999998,108,94.41899999999998,46.6453247965853,Pending,2.0,Yes,No
50171,2026-06-09,1025,2016,3,Chicken 2kg,Fresh Produce,85,129.99,Gauteng,0.08,389.97,31.1976,358.7724,255,103.7724,28.924298524635677,Cancelled,5.0,No,No
50172,2026-05-21,1039,2015,1,Cheese 500g,Dairy,55,84.99,Gauteng,0.08,84.99,6.7992,78.1908,55,23.190799999999996,29.659243798503145,Cancelled,6.0,No,No
50173,2025-02-05,1035,2015,4,Cheese 500g,Dairy,55,84.99,KwaZulu-Natal,0.03,339.96,10.198799999999999,329.7612,220,109.76119999999997,33.285055973838034,Completed,2.0,Yes,No
50174,2025-01-20,1003,2004,9,Coca-Cola 2L,Beverages,17,26.99,KwaZulu-Natal,0.1,242.91,24.291,218.619,153,65.619,30.015231978922234,Pending,2.0,Yes,No
50175,2025-11-17,1050,2011,4,Potato Chips,Snacks,12,24.99,Eastern Cape,0.0,99.96,0.0,99.96,48,51.959999999999994,51.980792316926774,Completed,5.0,No,No
50176,2026-05-27,1037,2019,2,Bluetooth Speaker,Electronics,500,799.99,KwaZulu-Natal,0.15,1599.98,239.99699999999999,1359.983,1000,359.98299999999995,26.46966910615794,Completed,2.0,Yes,No
50177,2026-02-04,1044,2015,10,Cheese 500g,Dairy,55,84.99,Western Cape,0.1,849.9,84.99000000000001,764.91,550,214.90999999999997,28.096115882914326,Pending,6.0,No,No
50178,2026-04-16,1044,2004,5,Coca-Cola 2L,Beverages,17,26.99,Western Cape,0.05,134.95,6.7475,128.2025,85,43.202499999999986,33.69864082213685,Pending,3.0,Yes,No
50179,2025-05-23,1030,2013,3,Shampoo,Personal Care,65,99.99,Eastern Cape,0.05,299.96999999999997,14.9985,284.9715,195,89.97149999999999,31.57210457887894,Pending,2.0,Yes,Yes
50180,2025-04-02,1038,2019,12,Bluetooth Speaker,Electronics,500,799.99,Free State,0.1,9599.880000000001,959.9880000000002,8639.892000000002,6000,2639.8920000000016,30.554687489149185,Completed,4.0,No,Yes
50181,2025-12-20,1034,2002,9,Full Cream Milk,Dairy,15,24.5,Gauteng,0.15,220.5,33.074999999999996,187.425,135,52.42500000000001,27.971188475390164,Completed,2.0,Yes,No
50182,2025-02-20,1012,2014,4,Toilet Paper,Household,70,109.99,KwaZulu-Natal,0.05,439.96,21.998,417.962,280,137.962,33.008263909159204,Cancelled,1.0,Yes,No
50183,2025-07-09,1019,2004,6,Coca-Cola 2L,Beverages,17,26.99,Gauteng,0.03,161.94,4.8582,157.0818,102,55.08179999999999,35.065679155701034,Completed,3.0,Yes,No
50184,2025-05-05,1037,2016,2,Chicken 2kg,Fresh Produce,85,129.99,KwaZulu-Natal,0.0,259.98,0.0,259.98,170,89.98000000000002,34.610354642664824,Completed,3.0,Yes,No
50185,2025-05-30,1044,2020,6,Microwave Oven,Electronics,1200,1799.99,Western Cape,0.15,10799.94,1619.991,9179.949,7200,1979.9490000000005,21.568191718712168,Pending,1.0,Yes,No
50186,2025-11-10,1049,2014,3,Toilet Paper,Household,70,109.99,Western Cape,0.03,329.96999999999997,9.899099999999999,320.0709,210,110.0709,34.38953681824871,Completed,5.0,No,No
50187,2025-12-08,1017,2015,12,Cheese 500g,Dairy,55,84.99,Eastern Cape,0.05,1019.8799999999999,50.994,968.8859999999999,660,308.88599999999985,31.880530836445143,Pending,3.0,Yes,No
50188,2025-11-01,1010,2003,12,Rice 10kg,Groceries,120,179.99,Free State,0.15,2159.88,323.982,1835.8980000000001,1440,395.89800000000014,21.564269910419867,Pending,2.0,Yes,No
50189,2025-02-23,1049,2008,9,Instant Coffee,Beverages,90,139.99,Western Cape,0.15,1259.91,188.9865,1070.9235,810,260.9235000000001,24.364345352399127,Completed,6.0,No,No
50190,2026-03-20,1047,2016,11,Chicken 2kg,Fresh Produce,85,129.99,Western Cape,0.1,1429.89,142.989,1286.901,935,351.90100000000007,27.344838491849803,Completed,6.0,No,No
50191,2025-09-21,1012,2010,2,Orange Juice,Beverages,25,44.99,KwaZulu-Natal,0.08,89.98,7.1984,82.7816,50,32.7816,39.60010437101965,Pending,3.0,Yes,No
50192,2025-02-22,1016,2004,12,Coca-Cola 2L,Beverages,17,26.99,Western Cape,0.05,323.88,16.194,307.686,204,103.68599999999998,33.69864082213685,Completed,3.0,Yes,No
50193,2025-01-05,1024,2018,12,LED Television,Electronics,3800,5499.99,Gauteng,0.05,65999.88,3299.9940000000006,62699.886000000006,45600,17099.886000000006,27.2725950410819,Completed,1.0,Yes,No
50194,2025-04-13,1019,2002,9,Full Cream Milk,Dairy,15,24.5,Gauteng,0.1,220.5,22.05,198.45,135,63.44999999999999,31.972789115646254,Cancelled,5.0,No,No
50195,2025-07-15,1008,2017,5,Beef Mince 1kg,Fresh Produce,100,159.99,KwaZulu-Natal,0.08,799.95,63.996,735.9540000000001,500,235.95400000000006,32.06097120200448,Completed,3.0,Yes,No
50196,2025-12-16,1031,2013,8,Shampoo,Personal Care,65,99.99,KwaZulu-Natal,0.1,799.92,79.992,719.928,520,199.928,27.7705548332611,Completed,3.0,Yes,No
50197,2025-02-16,1021,2004,2,Coca-Cola 2L,Beverages,17,26.99,Western Cape,0.05,53.98,2.699,51.281,34,17.281,33.69864082213685,Cancelled,4.0,No,No
50198,2025-09-26,1017,2011,6,Potato Chips,Snacks,12,24.99,Eastern Cape,0.03,149.94,4.4982,145.4418,72,73.4418,50.49566218239874,Completed,3.0,Yes,No
50199,2026-01-05,1023,2007,3,Cooking Oil 2L,Groceries,80,119.99,Eastern Cape,0.05,359.96999999999997,17.9985,341.9715,240,101.97149999999999,29.818712962922344,Pending,3.0,Yes,No
50200,2025-04-16,1037,2012,12,Dishwashing Liquid,Cleaning,45,69.99,KwaZulu-Natal,0.1,839.8799999999999,83.988,755.8919999999998,540,215.89199999999983,28.561223031861676,Cancelled,1.0,Yes,No
50201,2025-04-30,1016,2010,12,Orange Juice,Beverages,25,44.99,Western Cape,0.15,539.88,80.982,458.898,300,158.89800000000002,34.62599531922127,Completed,3.0,Yes,No
50202,2025-02-27,1006,2007,10,Cooking Oil 2L,Groceries,80,119.99,Western Cape,0.05,1199.8999999999999,59.995,1139.905,800,339.905,29.818712962922344,Cancelled,1.0,Yes,No
50203,2025-12-12,1008,2013,5,Shampoo,Personal Care,65,99.99,KwaZulu-Natal,0.05,499.95,24.997500000000002,474.9525,325,149.9525,31.57210457887894,Pending,2.0,Yes,No
50204,2026-04-19,1025,2007,12,Cooking Oil 2L,Groceries,80,119.99,Gauteng,0.1,1439.8799999999999,143.988,1295.8919999999998,960,335.8919999999998,25.919752571973582,Completed,1.0,Yes,No
50205,2025-04-27,1018,2017,8,Beef Mince 1kg,Fresh Produce,100,159.99,Free State,0.1,1279.92,127.99200000000002,1151.928,800,351.9280000000001,30.55121500649347,Completed,2.0,Yes,No
50206,2025-05-07,1025,2010,10,Orange Juice,Beverages,25,44.99,Gauteng,0.1,449.90000000000003,44.99000000000001,404.91,250,154.91000000000003,38.25788446815342,Pending,2.0,Yes,No
50207,2026-01-28,1012,2010,1,Orange Juice,Beverages,25,44.99,KwaZulu-Natal,0.0,44.99,0.0,44.99,25,19.990000000000002,44.43209602133808,Completed,1.0,Yes,No
50208,2025-02-27,1015,2004,5,Coca-Cola 2L,Beverages,17,26.99,Eastern Cape,0.08,134.95,10.796,124.154,85,39.153999999999996,31.536639979380443,Cancelled,4.0,No,No
50209,2026-05-28,1026,2020,3,Microwave Oven,Electronics,1200,1799.99,KwaZulu-Natal,0.1,5399.97,539.9970000000001,4859.973,3600,1259.973,25.925514401005934,Cancelled,2.0,Yes,No
50210,2025-04-06,1041,2004,4,Coca-Cola 2L,Beverages,17,26.99,Eastern Cape,0.03,107.96,3.2388,104.7212,68,36.721199999999996,35.06567915570104,Pending,1.0,Yes,No
50211,2025-04-28,1045,2007,2,Cooking Oil 2L,Groceries,80,119.99,Western Cape,0.05,239.98,11.999,227.981,160,67.981,29.818712962922344,Completed,3.0,Yes,No
50212,2026-05-03,1026,2001,9,White Bread,Bakery,10,18.99,KwaZulu-Natal,0.15,170.91,25.636499999999998,145.2735,90,55.27350000000001,38.04788898181706,Cancelled,4.0,No,No
50213,2025-08-25,1047,2012,3,Dishwashing Liquid,Cleaning,45,69.99,Western Cape,0.03,209.96999999999997,6.299099999999999,203.67089999999996,135,68.67089999999996,33.716598689356196,Completed,4.0,No,No
50214,2025-09-29,1032,2013,2,Shampoo,Personal Care,65,99.99,Eastern Cape,0.0,199.98,0.0,199.98,130,69.97999999999999,34.99349934993499,Completed,3.0,Yes,No
50215,2025-07-08,1010,2010,10,Orange Juice,Beverages,25,44.99,Free State,0.15,449.90000000000003,67.485,382.415,250,132.41500000000002,34.62599531922127,Completed,2.0,Yes,No
50216,2026-03-23,1016,2015,11,Cheese 500g,Dairy,55,84.99,Western Cape,0.05,934.89,46.7445,888.1455,605,283.14549999999997,31.880530836445153,Completed,4.0,No,No
50217,2025-09-04,1007,2013,9,Shampoo,Personal Care,65,99.99,KwaZulu-Natal,0.1,899.91,89.991,809.919,585,224.91899999999998,27.7705548332611,Completed,2.0,Yes,No
50218,2025-03-17,1017,2009,7,Breakfast Cereal,Groceries,55,89.99,Eastern Cape,0.08,629.93,50.3944,579.5355999999999,385,194.53559999999993,33.567497837924016,Completed,6.0,No,No
50219,2025-06-03,1023,2009,6,Breakfast Cereal,Groceries,55,89.99,Eastern Cape,0.08,539.9399999999999,43.19519999999999,496.74479999999994,330,166.74479999999994,33.567497837924016,Cancelled,2.0,Yes,No
50220,2026-03-11,1026,2015,1,Cheese 500g,Dairy,55,84.99,KwaZulu-Natal,0.03,84.99,2.5496999999999996,82.4403,55,27.440299999999993,33.285055973838034,Cancelled,5.0,No,No
50221,2025-03-27,1021,2010,5,Orange Juice,Beverages,25,44.99,Western Cape,0.05,224.95000000000002,11.247500000000002,213.70250000000001,125,88.70250000000001,41.50746949614535,Completed,3.0,Yes,No
50222,2025-10-12,1022,2010,12,Orange Juice,Beverages,25,44.99,Free State,0.1,539.88,53.988,485.892,300,185.892,38.257884468153414,Completed,2.0,Yes,No
50223,2025-08-08,1007,2008,11,Instant Coffee,Beverages,90,139.99,KwaZulu-Natal,0.1,1539.89,153.98900000000003,1385.901,990,395.90100000000007,28.566326166154727,Completed,1.0,Yes,No
50224,2025-03-10,1014,2016,11,Chicken 2kg,Fresh Produce,85,129.99,Western Cape,0.05,1429.89,71.4945,1358.3955,935,423.3955000000001,31.168794360699813,Completed,6.0,No,No
50225,2025-02-16,1015,2017,3,Beef Mince 1kg,Fresh Produce,100,159.99,Eastern Cape,0.05,479.97,23.998500000000003,455.97150000000005,300,155.97150000000005,34.20641421667802,Completed,2.0,Yes,No
50226,2025-04-04,1007,2005,1,Laundry Powder,Cleaning,100,145.0,KwaZulu-Natal,0.08,145.0,11.6,133.4,100,33.400000000000006,25.03748125937032,Completed,2.0,Yes,No
50227,2026-03-29,1009,2004,4,Coca-Cola 2L,Beverages,17,26.99,KwaZulu-Natal,0.03,107.96,3.2388,104.7212,68,36.721199999999996,35.06567915570104,Completed,6.0,No,No
50228,2025-07-23,1048,2018,2,LED Television,Electronics,3800,5499.99,Free State,0.0,10999.98,0.0,10999.98,7600,3399.9799999999996,30.908965289027794,Pending,1.0,Yes,No
50229,2025-08-06,1008,2019,2,Bluetooth Speaker,Electronics,500,799.99,KwaZulu-Natal,0.1,1599.98,159.99800000000002,1439.982,1000,439.98199999999997,30.554687489149167,Completed,3.0,Yes,No
50230,2026-04-19,1050,2004,3,Coca-Cola 2L,Beverages,17,26.99,Eastern Cape,0.05,80.97,4.0485,76.9215,51,25.921499999999995,33.69864082213685,Cancelled,3.0,Yes,No
50231,2026-03-08,1023,2007,8,Cooking Oil 2L,Groceries,80,119.99,Eastern Cape,0.15,959.92,143.988,815.932,640,175.93200000000002,21.562090958560272,Completed,6.0,No,No
50232,2025-12-07,1029,2010,8,Orange Juice,Beverages,25,44.99,Eastern Cape,0.05,359.92,17.996000000000002,341.92400000000004,200,141.92400000000004,41.50746949614535,Pending,3.0,Yes,No
50233,2025-10-16,1018,2018,12,LED Television,Electronics,3800,5499.99,Free State,0.0,65999.88,0.0,65999.88,45600,20399.880000000005,30.9089652890278,Cancelled,2.0,Yes,Yes
50234,2025-09-11,1031,2019,7,Bluetooth Speaker,Electronics,500,799.99,KwaZulu-Natal,0.15,5599.93,839.9895,4759.940500000001,3500,1259.9405000000006,26.469669106157955,Completed,4.0,No,No
50235,2025-12-23,1030,2004,6,Coca-Cola 2L,Beverages,17,26.99,Eastern Cape,0.03,161.94,4.8582,157.0818,102,55.08179999999999,35.065679155701034,Completed,1.0,Yes,No
50236,2025-01-23,1039,2010,9,Orange Juice,Beverages,25,44.99,Gauteng,0.15,404.91,60.7365,344.17350000000005,225,119.17350000000005,34.625995319221275,Pending,3.0,Yes,No
50237,2026-06-06,1035,2001,4,White Bread,Bakery,10,18.99,KwaZulu-Natal,0.0,75.96,0.0,75.96,40,35.959999999999994,47.34070563454449,Completed,1.0,Yes,No
50238,2025-04-10,1018,2018,12,LED Television,Electronics,3800,5499.99,Free State,0.05,65999.88,3299.9940000000006,62699.886000000006,45600,17099.886000000006,27.2725950410819,Completed,3.0,Yes,No
50239,2025-06-29,1042,2005,1,Laundry Powder,Cleaning,100,145.0,Gauteng,0.0,145.0,0.0,145.0,100,45.0,31.03448275862069,Pending,1.0,Yes,No
50240,2025-08-11,1039,2015,8,Cheese 500g,Dairy,55,84.99,Gauteng,0.15,679.92,101.98799999999999,577.932,440,137.93200000000002,23.866475640732823,Completed,3.0,Yes,No
50241,2026-03-18,1017,2017,7,Beef Mince 1kg,Fresh Produce,100,159.99,Eastern Cape,0.0,1119.93,0.0,1119.93,700,419.93000000000006,37.49609350584412,Completed,4.0,No,No
50242,2025-11-21,1014,2003,7,Rice 10kg,Groceries,120,179.99,Western Cape,0.03,1259.93,37.7979,1222.1321,840,382.13210000000004,31.267659199852453,Completed,2.0,Yes,No
50243,2026-05-31,1031,2012,3,Dishwashing Liquid,Cleaning,45,69.99,KwaZulu-Natal,0.05,209.96999999999997,10.4985,199.47149999999996,135,64.47149999999996,32.3211586617637,Completed,2.0,Yes,No
50244,2025-01-16,1024,2002,4,Full Cream Milk,Dairy,15,24.5,Gauteng,0.0,98.0,0.0,98.0,60,38.0,38.775510204081634,Completed,1.0,Yes,No
50245,2025-12-02,1035,2001,10,White Bread,Bakery,10,18.99,KwaZulu-Natal,0.05,189.89999999999998,9.495,180.40499999999997,100,80.40499999999997,44.569163825836306,Completed,6.0,No,Yes
50246,2025-09-15,1044,2017,9,Beef Mince 1kg,Fresh Produce,100,159.99,Western Cape,,1439.91,71.9955,1367.9145,900,467.9145000000001,34.20641421667802,Cancelled,2.0,Yes,No
50247,2026-05-12,1045,2016,6,Chicken 2kg,Fresh Produce,85,129.99,Western Cape,0.03,779.94,23.3982,756.5418000000001,510,246.54180000000008,32.587994476974046,Completed,3.0,Yes,No
50248,2025-06-09,1034,2005,5,Laundry Powder,Cleaning,100,145.0,Gauteng,0.03,725.0,21.75,703.25,500,203.25,28.90152861713473,Completed,2.0,Yes,No
50249,2026-04-20,1003,2015,3,Cheese 500g,Dairy,55,84.99,KwaZulu-Natal,0.05,254.96999999999997,12.7485,242.22149999999996,165,77.22149999999996,31.880530836445143,Pending,5.0,No,Yes
50250,2026-01-15,1037,2003,9,Rice 10kg,Groceries,120,179.99,KwaZulu-Natal,0.15,1619.91,242.9865,1376.9235,1080,296.9235000000001,21.564269910419867,Pending,2.0,Yes,No
50251,2026-06-29,1043,2007,5,Cooking Oil 2L,Groceries,80,119.99,Eastern Cape,0.08,599.9499999999999,47.995999999999995,551.954,400,151.95399999999995,27.53019273345242,Completed,1.0,Yes,No
50252,2026-03-03,1040,2011,5,Potato Chips,Snacks,12,24.99,Western Cape,0.08,124.94999999999999,9.995999999999999,114.954,60,54.95399999999999,47.80520904013779,Pending,6.0,No,No
50253,2025-09-25,1026,2010,4,Orange Juice,Beverages,25,44.99,KwaZulu-Natal,0.05,179.96,8.998000000000001,170.96200000000002,100,70.96200000000002,41.50746949614535,Completed,4.0,No,No
50254,2026-02-21,1023,2009,4,Breakfast Cereal,Groceries,55,89.99,Eastern Cape,0.08,359.96,28.796799999999998,331.16319999999996,220,111.16319999999996,33.567497837924016,Completed,2.0,Yes,No
50255,2025-06-17,1044,2014,12,Toilet Paper,Household,70,109.99,Western Cape,0.15,1319.8799999999999,197.98199999999997,1121.898,840,281.8979999999999,25.126883192589695,Completed,1.0,Yes,No
50256,2025-02-12,1039,2013,1,Shampoo,Personal Care,65,99.99,Gauteng,0.0,99.99,0.0,99.99,65,34.989999999999995,34.99349934993499,Completed,1.0,Yes,No
50257,2025-10-12,1015,2002,7,Full Cream Milk,Dairy,15,24.5,Eastern Cape,0.08,171.5,13.72,157.78,105,52.78,33.45164152617569,Completed,2.0,Yes,No
50258,2026-02-01,1049,2003,9,Rice 10kg,Groceries,120,179.99,Western Cape,0.05,1619.91,80.9955,1538.9145,1080,458.9145000000001,29.8206625514283,Completed,2.0,Yes,No
50259,2025-01-12,1004,2007,3,Cooking Oil 2L,Groceries,80,119.99,Free State,0.03,359.96999999999997,10.7991,349.17089999999996,240,109.17089999999996,31.265749809047655,Completed,1.0,Yes,No
50260,2025-10-29,1029,2018,12,LED Television,Electronics,3800,5499.99,Eastern Cape,0.05,65999.88,3299.9940000000006,62699.886000000006,45600,17099.886000000006,27.2725950410819,Completed,2.0,Yes,No
50261,2025-09-10,1022,2003,2,Rice 10kg,Groceries,120,179.99,Free State,0.03,359.98,10.7994,349.1806,240,109.18060000000003,31.26765919985246,Cancelled,6.0,No,No
50262,2026-05-14,1025,2010,3,Orange Juice,Beverages,25,44.99,Gauteng,0.08,134.97,10.797600000000001,124.1724,75,49.172399999999996,39.60010437101965,Pending,3.0,Yes,No
50263,2025-02-04,1013,2007,1,Cooking Oil 2L,Groceries,80,119.99,Free State,0.08,119.99,9.5992,110.3908,80,30.3908,27.530192733452424,Completed,6.0,No,No
50264,2025-03-31,1018,2009,6,Breakfast Cereal,Groceries,55,89.99,Free State,0.0,539.9399999999999,0.0,539.9399999999999,330,209.93999999999994,38.88209801089009,Completed,5.0,No,No
50265,2026-02-22,1033,2017,11,Beef Mince 1kg,Fresh Produce,100,159.99,Eastern Cape,0.1,1759.89,175.98900000000003,1583.901,1100,483.90100000000007,30.551215006493464,Completed,2.0,Yes,No
50266,2025-04-25,1016,2011,11,Potato Chips,Snacks,12,24.99,Western Cape,0.15,274.89,41.2335,233.6565,132,101.6565,43.50681449050208,Pending,2.0,Yes,No
50267,2025-07-15,1045,2007,7,Cooking Oil 2L,Groceries,80,119.99,Western Cape,0.08,839.93,67.1944,772.7356,560,212.73559999999998,27.530192733452424,Completed,1.0,Yes,No
50268,2026-05-16,1042,2014,11,Toilet Paper,Household,70,109.99,Gauteng,0.1,1209.8899999999999,120.98899999999999,1088.9009999999998,770,318.90099999999984,29.286500793001373,Completed,3.0,Yes,No
50269,2026-05-08,1044,2019,11,Bluetooth Speaker,Electronics,500,799.99,Western Cape,0.05,8799.89,439.9945,8359.895499999999,5500,2859.8954999999987,34.209703937088676,Completed,3.0,Yes,Yes
50270,2025-03-16,1002,2004,2,Coca-Cola 2L,Beverages,17,26.99,Free State,0.03,53.98,1.6194,52.3606,34,18.360599999999998,35.06567915570104,Completed,4.0,No,Yes
50271,2026-02-17,1035,2006,8,Chocolate Bar,Snacks,9,17.99,KwaZulu-Natal,0.1,143.92,14.392,129.528,72,57.52799999999999,44.41356309060589,Completed,3.0,Yes,No
50272,2026-01-11,1042,2010,6,Orange Juice,Beverages,25,44.99,Gauteng,0.08,269.94,21.595200000000002,248.3448,150,98.34479999999999,39.60010437101965,Completed,2.0,Yes,No
50273,2026-02-24,1034,2007,4,Cooking Oil 2L,Groceries,80,119.99,Gauteng,0.03,479.96,14.3988,465.5612,320,145.56119999999999,31.265749809047662,Completed,4.0,No,No
50274,2025-10-04,1030,2013,5,Shampoo,Personal Care,65,99.99,Eastern Cape,0.08,499.95,39.996,459.954,325,134.954,29.340760162972817,Completed,6.0,No,No
50275,2026-01-29,1013,2014,8,Toilet Paper,Household,70,109.99,Free State,0.1,879.92,87.992,791.928,560,231.928,29.286500793001384,Completed,1.0,Yes,No
50276,2026-04-02,1013,2004,3,Coca-Cola 2L,Beverages,17,26.99,Free State,0.03,80.97,2.4291,78.5409,51,27.540899999999993,35.065679155701034,Completed,6.0,No,Yes
50277,2025-07-11,1018,2008,3,Instant Coffee,Beverages,90,139.99,Free State,0.08,419.97,33.5976,386.3724,270,116.37240000000003,30.11923211906441,Pending,2.0,Yes,No
50278,2025-04-09,1032,2005,11,Laundry Powder,Cleaning,100,145.0,Eastern Cape,0.15,1595.0,239.25,1355.75,1100,255.75,18.864097363083165,Completed,5.0,No,No
50279,2025-04-06,1032,2001,4,White Bread,Bakery,10,18.99,Eastern Cape,0.08,75.96,6.0767999999999995,69.88319999999999,40,29.883199999999988,42.76163655928749,Completed,5.0,No,No
50280,2025-07-09,1035,2004,1,Coca-Cola 2L,Beverages,17,26.99,KwaZulu-Natal,0.03,26.99,0.8097,26.1803,17,9.180299999999999,35.06567915570104,Completed,2.0,Yes,No
50281,2025-02-06,1039,2003,9,Rice 10kg,Groceries,120,179.99,Gauteng,0.05,1619.91,80.9955,1538.9145,1080,458.9145000000001,29.8206625514283,Completed,2.0,Yes,No
50282,2026-01-04,1046,2009,8,Breakfast Cereal,Groceries,55,89.99,Gauteng,0.1,719.92,71.992,647.928,440,207.928,32.09122001210011,Completed,4.0,No,No
50283,2026-06-09,1029,2008,8,Instant Coffee,Beverages,90,139.99,Eastern Cape,0.15,1119.92,167.988,951.932,720,231.93200000000002,24.364345352399123,Completed,1.0,Yes,No
50284,2025-10-06,1049,2001,10,White Bread,Bakery,10,18.99,Western Cape,0.1,189.89999999999998,18.99,170.90999999999997,100,70.90999999999997,41.489672927271656,Completed,3.0,Yes,No
50285,2025-08-05,1029,2006,6,Chocolate Bar,Snacks,9,17.99,Eastern Cape,0.05,107.94,5.397,102.54299999999999,54,48.54299999999999,47.339165033205575,Completed,2.0,Yes,No
50286,2025-09-30,1044,2009,7,Breakfast Cereal,Groceries,55,89.99,Western Cape,0.03,629.93,18.897899999999996,611.0320999999999,385,226.0320999999999,36.99185361947432,Completed,3.0,Yes,No
50287,2025-03-03,1016,2007,6,Cooking Oil 2L,Groceries,80,119.99,Western Cape,0.05,719.9399999999999,35.997,683.943,480,203.94299999999998,29.818712962922344,Completed,6.0,No,No
50288,2025-12-08,1044,2004,9,Coca-Cola 2L,Beverages,17,26.99,Western Cape,0.15,242.91,36.436499999999995,206.4735,153,53.4735,25.898480918858834,Completed,3.0,Yes,No
50289,2026-02-01,1047,2013,3,Shampoo,Personal Care,65,99.99,Western Cape,0.05,299.96999999999997,14.9985,284.9715,195,89.97149999999999,31.57210457887894,Pending,3.0,Yes,No
50290,2025-01-19,1010,2017,3,Beef Mince 1kg,Fresh Produce,100,159.99,Free State,0.08,479.97,38.397600000000004,441.5724,300,141.57240000000002,32.060971202004474,Completed,1.0,Yes,No
50291,2025-06-26,1030,2002,3,Full Cream Milk,Dairy,15,24.5,Eastern Cape,0.0,73.5,0.0,73.5,45,28.5,38.775510204081634,Completed,5.0,No,No
50292,2026-01-31,1025,2005,10,Laundry Powder,Cleaning,100,145.0,Gauteng,0.1,1450.0,145.0,1305.0,1000,305.0,23.371647509578544,Completed,5.0,No,No
50293,2026-03-21,1039,2012,3,Dishwashing Liquid,Cleaning,45,69.99,Gauteng,0.05,209.96999999999997,10.4985,199.47149999999996,135,64.47149999999996,32.3211586617637,Completed,3.0,Yes,No
50294,2025-08-21,1020,2008,9,Instant Coffee,Beverages,90,139.99,Eastern Cape,0.05,1259.91,62.99550000000001,1196.9145,810,386.9145000000001,32.325993210041325,Completed,5.0,No,No
50295,2025-03-17,1005,2006,12,Chocolate Bar,Snacks,9,17.99,Free State,0.05,215.88,10.794,205.08599999999998,108,97.08599999999998,47.339165033205575,Completed,6.0,No,No
50296,2025-09-22,1001,2008,4,Instant Coffee,Beverages,90,139.99,Eastern Cape,0.0,559.96,0.0,559.96,360,199.96000000000004,35.70969354953925,Cancelled,1.0,Yes,No
50297,2026-03-31,1030,2018,7,LED Television,Electronics,3800,5499.99,Eastern Cape,0.1,38499.93,3849.9930000000004,34649.937,26600,8049.936999999998,23.232183654475328,Completed,3.0,Yes,No
50298,2026-01-19,1049,2003,9,Rice 10kg,Groceries,120,179.99,Western Cape,0.05,1619.91,80.9955,1538.9145,1080,458.9145000000001,29.8206625514283,Completed,1.0,Yes,No
50299,2026-05-21,1003,2012,11,Dishwashing Liquid,Cleaning,45,69.99,KwaZulu-Natal,0.15,769.89,115.48349999999999,654.4065,495,159.40650000000005,24.358942033735918,Completed,2.0,Yes,No
50300,2026-01-02,1045,2003,12,Rice 10kg,Groceries,120,179.99,Western Cape,0.05,2159.88,107.99400000000001,2051.886,1440,611.886,29.820662551428295,Completed,3.0,Yes,No
50301,2025-05-24,1014,2006,7,Chocolate Bar,Snacks,9,17.99,Western Cape,0.0,125.92999999999999,0.0,125.92999999999999,63,62.92999999999999,49.972206781545296,Cancelled,1.0,Yes,No
50302,2025-03-10,1030,2002,9,Full Cream Milk,Dairy,15,24.5,Eastern Cape,0.1,220.5,22.05,198.45,135,63.44999999999999,31.972789115646254,Cancelled,6.0,No,No
50303,2025-04-09,1050,2012,12,Dishwashing Liquid,Cleaning,45,69.99,Eastern Cape,0.05,839.8799999999999,41.994,797.8859999999999,540,257.88599999999985,32.3211586617637,Completed,5.0,No,No
50304,2026-01-31,1004,2002,3,Full Cream Milk,Dairy,15,24.5,Free State,0.0,73.5,0.0,73.5,45,28.5,38.775510204081634,Cancelled,2.0,Yes,No
50305,2025-01-25,1018,2006,4,Chocolate Bar,Snacks,9,17.99,Free State,0.03,71.96,2.1588,69.8012,36,33.801199999999994,48.424955444892056,Completed,1.0,Yes,No
50306,2026-04-14,1037,2017,8,Beef Mince 1kg,Fresh Produce,100,159.99,KwaZulu-Natal,0.15,1279.92,191.988,1087.932,800,287.932,26.46599235981661,Completed,3.0,Yes,No
50307,2026-04-29,1025,2003,6,Rice 10kg,Groceries,120,179.99,Gauteng,0.05,1079.94,53.99700000000001,1025.943,720,305.943,29.820662551428295,Pending,3.0,Yes,No
50308,2025-05-31,1048,2002,5,Full Cream Milk,Dairy,15,24.5,Free State,0.05,122.5,6.125,116.375,75,41.375,35.5531686358754,Completed,5.0,No,No
50309,2025-05-24,1001,2020,4,Microwave Oven,Electronics,1200,1799.99,Eastern Cape,0.05,7199.96,359.99800000000005,6839.9619999999995,4800,2039.9619999999995,29.824171537795085,Completed,3.0,Yes,No
50310,2025-02-08,1046,2008,8,Instant Coffee,Beverages,90,139.99,Gauteng,0.1,1119.92,111.99200000000002,1007.9280000000001,720,287.9280000000001,28.56632616615473,Completed,3.0,Yes,No
50311,2025-04-19,1015,2012,1,Dishwashing Liquid,Cleaning,45,69.99,Eastern Cape,0.0,69.99,0.0,69.99,45,24.989999999999995,35.70510072867552,Completed,5.0,No,No
50312,2025-02-11,1009,2004,9,Coca-Cola 2L,Beverages,17,26.99,KwaZulu-Natal,0.15,242.91,36.436499999999995,206.4735,153,53.4735,25.898480918858834,Pending,2.0,Yes,No
50313,2025-07-05,1015,2005,1,Laundry Powder,Cleaning,100,145.0,Eastern Cape,0.05,145.0,7.25,137.75,100,37.75,27.404718693284934,Completed,5.0,No,No
50314,2026-02-02,1049,2013,8,Shampoo,Personal Care,65,99.99,Western Cape,0.1,799.92,79.992,719.928,520,199.928,27.7705548332611,Cancelled,2.0,Yes,No
50315,2025-08-11,1024,2015,4,Cheese 500g,Dairy,55,84.99,Gauteng,0.03,339.96,10.198799999999999,329.7612,220,109.76119999999997,33.285055973838034,Completed,3.0,Yes,No
50316,2025-05-13,1004,2016,9,Chicken 2kg,Fresh Produce,85,129.99,Free State,0.15,1169.91,175.4865,994.4235000000001,765,229.4235000000001,23.07100546195862,Pending,3.0,Yes,No
50317,2025-06-12,1012,2010,11,Orange Juice,Beverages,25,44.99,KwaZulu-Natal,0.05,494.89000000000004,24.744500000000002,470.1455,275,195.14550000000003,41.50746949614535,Cancelled,3.0,Yes,No
50318,2025-08-03,1037,2016,5,Chicken 2kg,Fresh Produce,85,129.99,KwaZulu-Natal,0.08,649.95,51.996,597.9540000000001,425,172.95400000000006,28.924298524635685,Pending,2.0,Yes,No
50319,2025-08-23,1037,2012,3,Dishwashing Liquid,Cleaning,45,69.99,KwaZulu-Natal,0.0,209.96999999999997,0.0,209.96999999999997,135,74.96999999999997,35.70510072867552,Cancelled,3.0,Yes,No
50320,2025-01-09,1043,2017,9,Beef Mince 1kg,Fresh Produce,100,159.99,Eastern Cape,0.1,1439.91,143.991,1295.919,900,395.9190000000001,30.551215006493464,Completed,2.0,Yes,No
50321,2025-03-15,1006,2016,11,Chicken 2kg,Fresh Produce,85,129.99,Western Cape,0.15,1429.89,214.48350000000002,1215.4065,935,280.40650000000005,23.071005461958617,Completed,3.0,Yes,No
50322,2026-05-07,1039,2012,9,Dishwashing Liquid,Cleaning,45,69.99,Gauteng,0.1,629.91,62.991,566.919,405,161.91899999999998,28.561223031861694,Completed,5.0,No,No
50323,2025-09-10,1046,2008,4,Instant Coffee,Beverages,90,139.99,Gauteng,0.0,559.96,0.0,559.96,360,199.96000000000004,35.70969354953925,Completed,1.0,Yes,No
50324,2025-08-18,1024,2020,11,Microwave Oven,Electronics,1200,1799.99,Gauteng,0.05,19799.89,989.9945,18809.8955,13200,5609.895499999999,29.824171537795085,Completed,6.0,No,Yes
50325,2026-06-03,1011,2003,4,Rice 10kg,Groceries,120,179.99,Eastern Cape,0.05,719.96,35.998000000000005,683.962,480,203.962,29.820662551428295,Completed,2.0,Yes,No
50326,2025-06-23,1013,2016,12,Chicken 2kg,Fresh Produce,85,129.99,Free State,0.05,1559.88,77.99400000000001,1481.8860000000002,1020,461.8860000000002,31.16879436069982,Completed,6.0,No,Yes
50327,2025-06-17,1034,2013,8,Shampoo,Personal Care,65,99.99,Gauteng,0.1,799.92,79.992,719.928,520,199.928,27.7705548332611,Completed,5.0,No,Yes
50328,2025-06-19,1025,2019,2,Bluetooth Speaker,Electronics,500,799.99,Gauteng,0.05,1599.98,79.99900000000001,1519.981,1000,519.981,34.20970393708869,Completed,4.0,No,No
50329,2026-01-28,1007,2008,9,Instant Coffee,Beverages,90,139.99,KwaZulu-Natal,0.05,1259.91,62.99550000000001,1196.9145,810,386.9145000000001,32.325993210041325,Completed,6.0,No,No
50330,2025-07-13,1004,2005,6,Laundry Powder,Cleaning,100,145.0,Free State,0.08,870.0,69.60000000000001,800.4,600,200.39999999999998,25.037481259370313,Completed,1.0,Yes,No
50331,2026-06-01,1008,2020,9,Microwave Oven,Electronics,1200,1799.99,KwaZulu-Natal,0.15,16199.91,2429.9865,13769.9235,10800,2969.923500000001,21.568191718712168,Completed,4.0,No,No
50332,2025-01-29,1020,2008,8,Instant Coffee,Beverages,90,139.99,Eastern Cape,0.15,1119.92,167.988,951.932,720,231.93200000000002,24.364345352399123,Completed,3.0,Yes,No
50333,2025-06-14,1029,2012,7,Dishwashing Liquid,Cleaning,45,69.99,Eastern Cape,0.0,489.92999999999995,0.0,489.92999999999995,315,174.92999999999995,35.70510072867552,Completed,2.0,Yes,No
50334,2026-02-26,1045,2001,1,White Bread,Bakery,10,18.99,Western Cape,0.05,18.99,0.9495,18.040499999999998,10,8.040499999999998,44.569163825836306,Completed,2.0,Yes,No
50335,2025-12-05,1046,2020,12,Microwave Oven,Electronics,1200,1799.99,Gauteng,0.0,21599.88,0.0,21599.88,14400,7199.880000000001,33.33296296090534,Completed,3.0,Yes,No
50336,2026-05-11,1010,2006,3,Chocolate Bar,Snacks,9,17.99,Free State,0.08,53.97,4.3176,49.6524,27,22.6524,45.62196389298403,Completed,3.0,Yes,No
50337,2025-12-31,1043,2018,11,LED Television,Electronics,3800,5499.99,Eastern Cape,0.15,60499.89,9074.9835,51424.9065,41800,9624.906499999997,18.716429751797406,Completed,2.0,Yes,No
50338,2025-12-08,1034,2008,2,Instant Coffee,Beverages,90,139.99,Gauteng,0.05,279.98,13.999000000000002,265.981,180,85.981,32.32599321004132,Completed,3.0,Yes,Yes
50339,2026-05-15,1026,2007,5,Cooking Oil 2L,Groceries,80,119.99,KwaZulu-Natal,0.03,599.9499999999999,17.998499999999996,581.9514999999999,400,181.9514999999999,31.265749809047648,Completed,3.0,Yes,No
50340,2026-05-26,1041,2001,5,White Bread,Bakery,10,18.99,Eastern Cape,0.05,94.94999999999999,4.7475,90.20249999999999,50,40.202499999999986,44.569163825836306,Completed,6.0,No,No
50341,2025-11-23,1049,2016,5,Chicken 2kg,Fresh Produce,85,129.99,Western Cape,0.05,649.95,32.4975,617.4525000000001,425,192.4525000000001,31.16879436069982,Completed,3.0,Yes,No
50342,2025-08-05,1003,2012,4,Dishwashing Liquid,Cleaning,45,69.99,KwaZulu-Natal,0.0,279.96,0.0,279.96,180,99.95999999999998,35.70510072867552,Completed,3.0,Yes,Yes
50343,2025-10-28,1006,2006,5,Chocolate Bar,Snacks,9,17.99,Western Cape,0.05,89.94999999999999,4.4975,85.45249999999999,45,40.452499999999986,47.339165033205575,Completed,3.0,Yes,No
50344,2025-05-12,1005,2020,3,Microwave Oven,Electronics,1200,1799.99,Free State,0.0,5399.97,0.0,5399.97,3600,1799.9700000000003,33.33296296090534,Completed,2.0,Yes,No
50345,2025-03-11,1005,2002,12,Full Cream Milk,Dairy,15,24.5,Free State,0.05,294.0,14.700000000000001,279.3,180,99.30000000000001,35.5531686358754,Cancelled,3.0,Yes,No
50346,2025-09-09,1047,2014,1,Toilet Paper,Household,70,109.99,Western Cape,0.08,109.99,8.799199999999999,101.1908,70,31.190799999999996,30.82375077576222,Completed,6.0,No,No
50347,2026-02-19,1023,2004,5,Coca-Cola 2L,Beverages,17,26.99,Eastern Cape,0.0,134.95,0.0,134.95,85,49.94999999999999,37.013708781030005,Completed,1.0,Yes,No
50348,2026-03-21,1049,2001,9,White Bread,Bakery,10,18.99,Western Cape,0.05,170.91,8.5455,162.3645,90,72.36449999999999,44.56916382583631,Completed,3.0,Yes,No
50349,2025-07-01,1009,2018,9,LED Television,Electronics,3800,5499.99,KwaZulu-Natal,0.0,49499.909999999996,0.0,49499.909999999996,34200,15299.909999999996,30.908965289027794,Cancelled,5.0,No,No
50350,2025-06-16,1035,2013,4,Shampoo,Personal Care,65,99.99,KwaZulu-Natal,0.05,399.96,19.998,379.962,260,119.96199999999999,31.57210457887894,Completed,2.0,Yes,No
50351,2025-04-01,1020,2002,3,Full Cream Milk,Dairy,15,24.5,Eastern Cape,0.03,73.5,2.205,71.295,45,26.295,36.88196928255839,Pending,4.0,No,No
50352,2026-06-15,1049,2009,1,Breakfast Cereal,Groceries,55,89.99,Western Cape,0.03,89.99,2.6996999999999995,87.2903,55,32.2903,36.99185361947433,Completed,6.0,No,No
50353,2025-02-08,1042,2002,2,Full Cream Milk,Dairy,15,24.5,Gauteng,0.03,49.0,1.47,47.53,30,17.53,36.88196928255839,Pending,3.0,Yes,No
50354,2025-05-06,1035,2009,8,Breakfast Cereal,Groceries,55,89.99,KwaZulu-Natal,0.15,719.92,107.98799999999999,611.932,440,171.93200000000002,28.09658589516482,Completed,5.0,No,No
50355,2026-03-27,1050,2001,1,White Bread,Bakery,10,18.99,Eastern Cape,0.0,18.99,0.0,18.99,10,8.989999999999998,47.34070563454449,Completed,5.0,No,No
50356,2025-06-22,1018,2011,8,Potato Chips,Snacks,12,24.99,Free State,0.05,199.92,9.996,189.92399999999998,96,93.92399999999998,49.453465596765014,Pending,6.0,No,No
50357,2025-08-08,1017,2003,7,Rice 10kg,Groceries,120,179.99,Eastern Cape,0.05,1259.93,62.996500000000005,1196.9335,840,356.9335000000001,29.8206625514283,Pending,6.0,No,Yes
50358,2025-02-27,1024,2020,8,Microwave Oven,Electronics,1200,1799.99,Gauteng,0.05,14399.92,719.9960000000001,13679.923999999999,9600,4079.923999999999,29.824171537795085,Completed,5.0,No,No
50359,2026-04-21,1003,2004,12,Coca-Cola 2L,Beverages,17,26.99,KwaZulu-Natal,0.1,323.88,32.388,291.492,204,87.49200000000002,30.01523197892224,Cancelled,3.0,Yes,No
50360,2026-04-01,1032,2018,6,LED Television,Electronics,3800,5499.99,Eastern Cape,0.15,32999.94,4949.991,28049.949,22800,5249.9490000000005,18.71642975179741,Cancelled,5.0,No,No
50361,2025-12-27,1035,2006,12,Chocolate Bar,Snacks,9,17.99,KwaZulu-Natal,0.05,215.88,10.794,205.08599999999998,108,97.08599999999998,47.339165033205575,Pending,3.0,Yes,No
50362,2025-01-01,1038,2003,9,Rice 10kg,Groceries,120,179.99,Free State,0.05,1619.91,80.9955,1538.9145,1080,458.9145000000001,29.8206625514283,Completed,4.0,No,No
50363,2026-01-22,1013,2011,3,Potato Chips,Snacks,12,24.99,Free State,0.03,74.97,2.2491,72.7209,36,36.7209,50.49566218239874,Cancelled,2.0,Yes,No
50364,2025-12-14,1047,2015,10,Cheese 500g,Dairy,55,84.99,Western Cape,0.15,849.9,127.48499999999999,722.415,550,172.41499999999996,23.866475640732816,Completed,2.0,Yes,No
50365,2025-07-09,1025,2005,4,Laundry Powder,Cleaning,100,145.0,Gauteng,0.0,580.0,0.0,580.0,400,180.0,31.03448275862069,Completed,3.0,Yes,No
50366,2026-05-20,1009,2020,6,Microwave Oven,Electronics,1200,1799.99,KwaZulu-Natal,0.05,10799.94,539.9970000000001,10259.943000000001,7200,3059.943000000001,29.824171537795102,Completed,5.0,No,No
50367,2025-07-10,1004,2010,8,Orange Juice,Beverages,25,44.99,Free State,0.05,359.92,17.996000000000002,341.92400000000004,200,141.92400000000004,41.50746949614535,Cancelled,5.0,No,No
50368,2026-05-23,1014,2012,5,Dishwashing Liquid,Cleaning,45,69.99,Western Cape,0.03,349.95,10.4985,339.4515,225,114.45150000000001,33.71659868935622,Cancelled,1.0,Yes,No
50369,2026-01-04,1037,2015,3,Cheese 500g,Dairy,55,84.99,KwaZulu-Natal,0.0,254.96999999999997,0.0,254.96999999999997,165,89.96999999999997,35.28650429462289,Completed,5.0,No,No
50370,2026-02-13,1034,2017,6,Beef Mince 1kg,Fresh Produce,100,159.99,Gauteng,0.08,959.94,76.79520000000001,883.1448,600,283.14480000000003,32.060971202004474,Pending,2.0,Yes,No
50371,2025-04-27,1011,2010,4,Orange Juice,Beverages,25,44.99,Eastern Cape,0.05,179.96,8.998000000000001,170.96200000000002,100,70.96200000000002,41.50746949614535,Completed,3.0,Yes,No
50372,2025-05-14,1041,2006,9,Chocolate Bar,Snacks,9,17.99,Eastern Cape,0.1,161.91,16.191,145.719,81,64.719,44.41356309060589,Cancelled,3.0,Yes,No
50373,2025-02-27,1003,2018,3,LED Television,Electronics,3800,5499.99,KwaZulu-Natal,0.15,16499.97,2474.9955,14024.9745,11400,2624.9745000000003,18.71642975179741,Cancelled,5.0,No,No
50374,2025-06-22,1028,2013,4,Shampoo,Personal Care,65,99.99,Western Cape,0.05,399.96,19.998,379.962,260,119.96199999999999,31.57210457887894,Pending,1.0,Yes,Yes
50375,2025-05-29,1029,2003,7,Rice 10kg,Groceries,120,179.99,Eastern Cape,0.08,1259.93,100.79440000000001,1159.1356,840,319.13560000000007,27.532205895496613,Completed,3.0,Yes,No
50376,2025-03-21,1009,2010,7,Orange Juice,Beverages,25,44.99,KwaZulu-Natal,0.05,314.93,15.746500000000001,299.1835,175,124.18349999999998,41.50746949614534,Completed,2.0,Yes,No
50377,2025-08-01,1003,2014,12,Toilet Paper,Household,70,109.99,KwaZulu-Natal,0.15,1319.8799999999999,197.98199999999997,1121.898,840,281.8979999999999,25.126883192589695,Completed,1.0,Yes,Yes
50378,2025-07-22,1025,2006,12,Chocolate Bar,Snacks,9,17.99,Gauteng,0.05,215.88,10.794,205.08599999999998,108,97.08599999999998,47.339165033205575,Pending,3.0,Yes,No
50379,2025-08-17,1034,2003,4,Rice 10kg,Groceries,120,179.99,Gauteng,0.03,719.96,21.5988,698.3612,480,218.36120000000005,31.26765919985246,Completed,2.0,Yes,No
50380,2025-08-15,1012,2016,6,Chicken 2kg,Fresh Produce,85,129.99,KwaZulu-Natal,0.08,779.94,62.3952,717.5448,510,207.5448,28.924298524635677,Completed,5.0,No,No
50381,2026-06-16,1042,2007,12,Cooking Oil 2L,Groceries,80,119.99,Gauteng,0.05,1439.8799999999999,71.994,1367.886,960,407.88599999999997,29.818712962922344,Completed,3.0,Yes,No
50382,2026-03-17,1009,2020,3,Microwave Oven,Electronics,1200,1799.99,KwaZulu-Natal,0.0,5399.97,0.0,5399.97,3600,1799.9700000000003,33.33296296090534,Cancelled,2.0,Yes,No
50383,2026-02-06,1015,2014,6,Toilet Paper,Household,70,109.99,Eastern Cape,0.05,659.9399999999999,32.997,626.943,420,206.94299999999998,33.008263909159204,Completed,5.0,No,No
50384,2025-02-16,1040,2009,12,Breakfast Cereal,Groceries,55,89.99,Western Cape,0.15,1079.8799999999999,161.98199999999997,917.8979999999999,660,257.8979999999999,28.096585895164814,Pending,4.0,No,No
50385,2025-08-21,1025,2015,2,Cheese 500g,Dairy,55,84.99,Gauteng,0.08,169.98,13.5984,156.3816,110,46.38159999999999,29.659243798503145,Completed,2.0,Yes,No
50386,2025-11-01,1005,2003,8,Rice 10kg,Groceries,120,179.99,Free State,0.15,1439.92,215.988,1223.932,960,263.932,21.56426991041986,Completed,2.0,Yes,No
50387,2026-06-10,1011,2002,2,Full Cream Milk,Dairy,15,24.5,Eastern Cape,0.0,49.0,0.0,49.0,30,19.0,38.775510204081634,Pending,2.0,Yes,No
50388,2025-05-23,1034,2002,11,Full Cream Milk,Dairy,15,24.5,Gauteng,0.1,269.5,26.950000000000003,242.55,165,77.55000000000001,31.97278911564626,Completed,2.0,Yes,No
50389,2026-02-19,1024,2003,7,Rice 10kg,Groceries,120,179.99,Gauteng,0.08,1259.93,100.79440000000001,1159.1356,840,319.13560000000007,27.532205895496613,Pending,2.0,Yes,No
50390,2026-05-28,1015,2018,9,LED Television,Electronics,3800,5499.99,Eastern Cape,0.05,49499.909999999996,2474.9955,47024.9145,34200,12824.914499999999,27.272595041081892,Completed,4.0,No,No
50391,2026-01-08,1038,2014,1,Toilet Paper,Household,70,109.99,Free State,0.03,109.99,3.2996999999999996,106.6903,70,36.69029999999999,34.3895368182487,Cancelled,3.0,Yes,No
50392,2025-09-16,1008,2020,8,Microwave Oven,Electronics,1200,1799.99,KwaZulu-Natal,0.05,14399.92,719.9960000000001,13679.923999999999,9600,4079.923999999999,29.824171537795085,Cancelled,6.0,No,No
50393,2026-04-16,1005,2018,7,LED Television,Electronics,3800,5499.99,Free State,0.1,38499.93,3849.9930000000004,34649.937,26600,8049.936999999998,23.232183654475328,Cancelled,3.0,Yes,No
50394,2025-01-12,1048,2010,6,Orange Juice,Beverages,25,44.99,Free State,0.08,269.94,21.595200000000002,248.3448,150,98.34479999999999,39.60010437101965,Completed,2.0,Yes,No
50395,2025-11-26,1026,2002,6,Full Cream Milk,Dairy,15,24.5,KwaZulu-Natal,0.05,147.0,7.3500000000000005,139.65,90,49.650000000000006,35.5531686358754,Completed,4.0,No,Yes
50396,2025-12-24,1018,2001,6,White Bread,Bakery,10,18.99,Free State,0.05,113.94,5.697,108.243,60,48.242999999999995,44.56916382583631,Pending,2.0,Yes,No
50397,2026-02-12,1006,2004,9,Coca-Cola 2L,Beverages,17,26.99,Western Cape,0.1,242.91,24.291,218.619,153,65.619,30.015231978922234,Cancelled,3.0,Yes,No
50398,2026-01-08,1037,2014,2,Toilet Paper,Household,70,109.99,KwaZulu-Natal,0.08,219.98,17.598399999999998,202.3816,140,62.38159999999999,30.82375077576222,Pending,2.0,Yes,No
50399,2025-01-08,1048,2001,1,White Bread,Bakery,10,18.99,Free State,0.0,18.99,0.0,18.99,10,8.989999999999998,47.34070563454449,Cancelled,4.0,No,No
50400,2025-05-02,1013,2014,12,Toilet Paper,Household,70,109.99,Free State,0.1,1319.8799999999999,131.988,1187.8919999999998,840,347.8919999999998,29.286500793001373,Completed,5.0,No,No
50401,2025-12-14,1028,2016,6,Chicken 2kg,Fresh Produce,85,129.99,Western Cape,0.05,779.94,38.99700000000001,740.9430000000001,510,230.9430000000001,31.16879436069982,Completed,4.0,No,No
50402,2025-03-31,1005,2014,10,Toilet Paper,Household,70,109.99,Free State,0.05,1099.8999999999999,54.995,1044.905,700,344.905,33.008263909159204,Completed,6.0,No,No
50403,2025-11-12,1013,2020,11,Microwave Oven,Electronics,1200,1799.99,Free State,0.1,19799.89,1979.989,17819.900999999998,13200,4619.900999999998,25.925514401005923,Cancelled,6.0,No,Yes
50404,2025-06-27,1017,2003,8,Rice 10kg,Groceries,120,179.99,Eastern Cape,0.05,1439.92,71.99600000000001,1367.924,960,407.924,29.820662551428295,Completed,6.0,No,No
50405,2026-06-24,1050,2003,3,Rice 10kg,Groceries,120,179.99,Eastern Cape,0.03,539.97,16.1991,523.7709,360,163.77089999999998,31.267659199852453,Completed,1.0,Yes,No
50406,2025-02-10,1040,2009,12,Breakfast Cereal,Groceries,55,89.99,Western Cape,0.05,1079.8799999999999,53.994,1025.886,660,365.88599999999997,35.665366327252734,Pending,3.0,Yes,No
50407,2026-05-17,1045,2006,10,Chocolate Bar,Snacks,9,17.99,Western Cape,0.1,179.89999999999998,17.99,161.90999999999997,90,71.90999999999997,44.41356309060588,Pending,5.0,No,No
50408,2025-05-25,1032,2013,1,Shampoo,Personal Care,65,99.99,Eastern Cape,0.08,99.99,7.9992,91.9908,65,26.990799999999993,29.340760162972813,Completed,1.0,Yes,No
50409,2025-07-20,1029,2002,9,Full Cream Milk,Dairy,15,24.5,Eastern Cape,0.15,220.5,33.074999999999996,187.425,135,52.42500000000001,27.971188475390164,Completed,3.0,Yes,No
50410,2026-04-06,1003,2008,1,Instant Coffee,Beverages,90,139.99,KwaZulu-Natal,0.05,139.99,6.999500000000001,132.9905,90,42.9905,32.32599321004132,Completed,5.0,No,No
50411,2025-09-10,1040,2002,3,Full Cream Milk,Dairy,15,24.5,Western Cape,0.03,73.5,2.205,71.295,45,26.295,36.88196928255839,Cancelled,2.0,Yes,No
50412,2026-01-25,1034,2004,8,Coca-Cola 2L,Beverages,17,26.99,Gauteng,0.15,215.92,32.388,183.53199999999998,136,47.53199999999998,25.89848091885883,Completed,5.0,No,No
50413,2025-09-13,1040,2015,3,Cheese 500g,Dairy,55,84.99,Western Cape,0.0,254.96999999999997,0.0,254.96999999999997,165,89.96999999999997,35.28650429462289,Completed,4.0,No,No
50414,2026-03-26,1027,2004,4,Coca-Cola 2L,Beverages,17,26.99,KwaZulu-Natal,0.05,107.96,5.398,102.562,68,34.562,33.69864082213685,Pending,1.0,Yes,No
50415,2025-01-10,1013,2013,8,Shampoo,Personal Care,65,99.99,Free State,0.05,799.92,39.996,759.924,520,239.92399999999998,31.57210457887894,Completed,2.0,Yes,No
50416,2025-08-30,1045,2012,1,Dishwashing Liquid,Cleaning,45,69.99,Western Cape,0.03,69.99,2.0997,67.8903,45,22.890299999999996,33.71659868935621,Completed,4.0,No,No
50417,2025-09-08,1033,2013,6,Shampoo,Personal Care,65,99.99,Eastern Cape,0.03,599.9399999999999,17.998199999999997,581.9418,390,191.94179999999994,32.982989020551535,Completed,3.0,Yes,No
50418,2025-01-05,1006,2014,1,Toilet Paper,Household,70,109.99,Western Cape,0.05,109.99,5.4995,104.4905,70,34.4905,33.008263909159204,Completed,5.0,No,No
50419,2025-04-29,1024,2020,1,Microwave Oven,Electronics,1200,1799.99,Gauteng,0.05,1799.99,89.99950000000001,1709.9904999999999,1200,509.9904999999999,29.824171537795085,Cancelled,4.0,No,No
50420,2026-01-09,1019,2018,8,LED Television,Electronics,3800,5499.99,Gauteng,0.05,43999.92,2199.996,41799.924,30400,11399.923999999999,27.272595041081892,Cancelled,2.0,Yes,No
50421,2025-03-06,1016,2006,11,Chocolate Bar,Snacks,9,17.99,Western Cape,0.05,197.89,9.8945,187.9955,99,88.99549999999999,47.33916503320558,Cancelled,,Yes,No
50422,2025-05-26,1040,2011,4,Potato Chips,Snacks,12,24.99,Western Cape,0.05,99.96,4.998,94.96199999999999,48,46.96199999999999,49.453465596765014,Pending,1.0,Yes,No
50423,2025-08-12,1028,2002,12,Full Cream Milk,Dairy,15,24.5,Western Cape,0.05,294.0,14.700000000000001,279.3,180,99.30000000000001,35.5531686358754,Completed,6.0,No,No
50424,2025-08-27,1033,2019,1,Bluetooth Speaker,Electronics,500,799.99,Eastern Cape,0.0,799.99,0.0,799.99,500,299.99,37.499218740234255,Completed,5.0,No,Yes
50425,2025-06-26,1048,2019,10,Bluetooth Speaker,Electronics,500,799.99,Free State,0.15,7999.9,1199.985,6799.915,5000,1799.915,26.469669106157944,Completed,4.0,No,No
50426,2025-10-09,1041,2005,7,Laundry Powder,Cleaning,100,145.0,Eastern Cape,0.03,1015.0,30.45,984.55,700,284.54999999999995,28.90152861713473,Pending,6.0,No,No
50427,2025-03-04,1013,2019,5,Bluetooth Speaker,Electronics,500,799.99,Free State,0.0,3999.95,0.0,3999.95,2500,1499.9499999999998,37.499218740234255,Completed,2.0,Yes,No
50428,2025-08-05,1043,2002,5,Full Cream Milk,Dairy,15,24.5,Eastern Cape,0.0,122.5,0.0,122.5,75,47.5,38.775510204081634,Pending,6.0,No,No
50429,2026-04-06,1045,2010,1,Orange Juice,Beverages,25,44.99,Western Cape,0.0,44.99,0.0,44.99,25,19.990000000000002,44.43209602133808,Cancelled,2.0,Yes,Yes
50430,2025-04-15,1025,2002,10,Full Cream Milk,Dairy,15,24.5,Gauteng,0.1,245.0,24.5,220.5,150,70.5,31.97278911564626,Completed,3.0,Yes,No
50431,2025-04-09,1042,2011,11,Potato Chips,Snacks,12,24.99,Gauteng,0.15,274.89,41.2335,233.6565,132,101.6565,43.50681449050208,Cancelled,6.0,No,No
50432,2026-05-26,1036,2018,6,LED Television,Electronics,3800,5499.99,Free State,0.05,32999.94,1649.9970000000003,31349.943000000003,22800,8549.943000000003,27.2725950410819,Completed,3.0,Yes,No
50433,2026-01-20,1027,2015,9,Cheese 500g,Dairy,55,84.99,KwaZulu-Natal,0.1,764.91,76.491,688.419,495,193.41899999999998,28.09611588291433,Pending,2.0,Yes,No
50434,2026-02-09,1038,2009,9,Breakfast Cereal,Groceries,55,89.99,Free State,0.05,809.91,40.4955,769.4145,495,274.4145,35.665366327252734,Pending,2.0,Yes,No
50435,2026-06-02,1007,2019,8,Bluetooth Speaker,Electronics,500,799.99,KwaZulu-Natal,0.05,6399.92,319.99600000000004,6079.924,4000,2079.924,34.20970393708869,Completed,1.0,Yes,No
50436,2026-04-21,1005,2009,5,Breakfast Cereal,Groceries,55,89.99,Free State,0.03,449.95,13.4985,436.4515,275,161.4515,36.99185361947433,Completed,5.0,No,No
50437,2026-03-13,1043,2003,1,Rice 10kg,Groceries,120,179.99,Eastern Cape,0.0,179.99,0.0,179.99,120,59.99000000000001,33.32962942385688,Completed,3.0,Yes,No
50438,2025-01-23,1045,2009,9,Breakfast Cereal,Groceries,55,89.99,Western Cape,0.15,809.91,121.48649999999999,688.4235,495,193.4235,28.09658589516482,Completed,3.0,Yes,No
50439,2026-04-03,1031,2014,1,Toilet Paper,Household,70,109.99,KwaZulu-Natal,0.08,109.99,8.799199999999999,101.1908,70,31.190799999999996,30.82375077576222,Completed,5.0,No,No
50440,2025-03-24,1023,2019,8,Bluetooth Speaker,Electronics,500,799.99,Eastern Cape,0.0,6399.92,0.0,6399.92,4000,2399.92,37.499218740234255,Completed,2.0,Yes,No
50441,2025-05-25,1042,2007,5,Cooking Oil 2L,Groceries,80,119.99,Gauteng,0.03,599.9499999999999,17.998499999999996,581.9514999999999,400,181.9514999999999,31.265749809047648,Completed,2.0,Yes,No
50442,2025-03-26,1010,2016,3,Chicken 2kg,Fresh Produce,85,129.99,Free State,0.08,389.97,31.1976,358.7724,255,103.7724,28.924298524635677,Cancelled,2.0,Yes,No
50443,2025-03-19,1032,2016,11,Chicken 2kg,Fresh Produce,85,129.99,Eastern Cape,0.15,1429.89,214.48350000000002,1215.4065,935,280.40650000000005,23.071005461958617,Completed,3.0,Yes,No
50444,2026-04-02,1043,2001,7,White Bread,Bakery,10,18.99,Eastern Cape,0.0,132.92999999999998,0.0,132.92999999999998,70,62.92999999999998,47.34070563454449,Pending,1.0,Yes,No
50445,2025-01-01,1030,2004,7,Coca-Cola 2L,Beverages,17,26.99,Eastern Cape,0.05,188.92999999999998,9.446499999999999,179.4835,119,60.48349999999999,33.69864082213685,Cancelled,4.0,No,No
50446,2025-02-20,1039,2004,9,Coca-Cola 2L,Beverages,17,26.99,Gauteng,0.1,242.91,24.291,218.619,153,65.619,30.015231978922234,Completed,6.0,No,No
50447,2026-03-22,1031,2007,7,Cooking Oil 2L,Groceries,80,119.99,KwaZulu-Natal,0.05,839.93,41.9965,797.9335,560,237.93349999999998,29.818712962922344,Completed,2.0,Yes,No
50448,2026-03-25,1018,2008,11,Instant Coffee,Beverages,90,139.99,Free State,0.05,1539.89,76.99450000000002,1462.8955,990,472.8955000000001,32.32599321004132,Completed,5.0,No,No
50449,2026-05-03,1036,2017,3,Beef Mince 1kg,Fresh Produce,100,159.99,Free State,0.0,479.97,0.0,479.97,300,179.97000000000003,37.49609350584412,Cancelled,4.0,No,No
50450,2025-02-03,1002,2005,11,Laundry Powder,Cleaning,100,145.0,Free State,0.15,1595.0,239.25,1355.75,1100,255.75,18.864097363083165,Completed,3.0,Yes,No
50451,2025-12-14,1014,2007,1,Cooking Oil 2L,Groceries,80,119.99,Western Cape,0.05,119.99,5.9995,113.9905,80,33.9905,29.818712962922344,Completed,4.0,No,No
50452,2025-04-05,1013,2020,8,Microwave Oven,Electronics,1200,1799.99,Free State,0.0,14399.92,0.0,14399.92,9600,4799.92,33.33296296090534,Completed,1.0,Yes,No
50453,2025-03-13,1029,2020,12,Microwave Oven,Electronics,1200,1799.99,Eastern Cape,0.1,21599.88,2159.9880000000003,19439.892,14400,5039.892,25.925514401005934,Pending,5.0,No,No
50454,2025-06-03,1012,2004,3,Coca-Cola 2L,Beverages,17,26.99,KwaZulu-Natal,0.08,80.97,6.4776,74.4924,51,23.492400000000004,31.53663997938045,Completed,1.0,Yes,No
50455,2025-09-07,1039,2006,12,Chocolate Bar,Snacks,9,17.99,Gauteng,0.15,215.88,32.382,183.498,108,75.49799999999999,41.14377268417094,Completed,4.0,No,No
50456,2026-03-14,1002,2007,8,Cooking Oil 2L,Groceries,80,119.99,Free State,0.1,959.92,95.992,863.928,640,223.928,25.919752571973593,Completed,6.0,No,No
50457,2025-04-28,1032,2018,8,LED Television,Electronics,3800,5499.99,Eastern Cape,0.05,43999.92,2199.996,41799.924,30400,11399.923999999999,27.272595041081892,Pending,2.0,Yes,No
50458,2025-11-02,1013,2005,5,Laundry Powder,Cleaning,100,145.0,Free State,0.05,725.0,36.25,688.75,500,188.75,27.404718693284934,Completed,2.0,Yes,Yes
50459,2025-09-25,1046,2020,12,Microwave Oven,Electronics,1200,1799.99,Gauteng,0.15,21599.88,3239.982,18359.898,14400,3959.898000000001,21.568191718712168,Cancelled,5.0,No,No
50460,2025-02-23,1027,2003,1,Rice 10kg,Groceries,120,179.99,KwaZulu-Natal,0.03,179.99,5.3997,174.5903,120,54.59030000000001,31.26765919985246,Pending,2.0,Yes,No
50461,2025-08-24,1049,2007,10,Cooking Oil 2L,Groceries,80,119.99,Western Cape,0.1,1199.8999999999999,119.99,1079.9099999999999,800,279.90999999999985,25.919752571973582,Completed,4.0,No,No
50462,2026-01-24,1041,2014,7,Toilet Paper,Household,70,109.99,Eastern Cape,0.08,769.93,61.5944,708.3356,490,218.3356,30.82375077576222,Completed,2.0,Yes,No
50463,2026-02-05,1017,2007,12,Cooking Oil 2L,Groceries,80,119.99,Eastern Cape,0.15,1439.8799999999999,215.98199999999997,1223.898,960,263.8979999999999,21.56209095856027,Completed,3.0,Yes,No
50464,2025-10-30,1040,2005,10,Laundry Powder,Cleaning,100,145.0,Western Cape,0.05,1450.0,72.5,1377.5,1000,377.5,27.404718693284934,Completed,2.0,Yes,No
50465,2025-07-26,1031,2005,5,Laundry Powder,Cleaning,100,145.0,KwaZulu-Natal,0.03,725.0,21.75,703.25,500,203.25,28.90152861713473,Completed,2.0,Yes,No
50466,2025-08-17,1034,2002,8,Full Cream Milk,Dairy,15,24.5,Gauteng,0.05,196.0,9.8,186.2,120,66.19999999999999,35.5531686358754,Pending,4.0,No,No
50467,2025-03-16,1024,2006,9,Chocolate Bar,Snacks,9,17.99,Gauteng,0.1,161.91,16.191,145.719,81,64.719,44.41356309060589,Completed,3.0,Yes,No
50468,2026-03-11,1045,2015,11,Cheese 500g,Dairy,55,84.99,Western Cape,0.05,934.89,46.7445,888.1455,605,283.14549999999997,31.880530836445153,Completed,4.0,No,No
50469,2025-04-13,1035,2010,7,Orange Juice,Beverages,25,44.99,KwaZulu-Natal,0.05,314.93,15.746500000000001,299.1835,175,124.18349999999998,41.50746949614534,Completed,2.0,Yes,No
50470,2026-02-26,1048,2007,7,Cooking Oil 2L,Groceries,80,119.99,Free State,0.08,839.93,67.1944,772.7356,560,212.73559999999998,27.530192733452424,Completed,2.0,Yes,No
50471,2025-11-02,1006,2005,1,Laundry Powder,Cleaning,100,145.0,Western Cape,0.08,145.0,11.6,133.4,100,33.400000000000006,25.03748125937032,Pending,6.0,No,Yes
50472,2025-04-08,1019,2001,4,White Bread,Bakery,10,18.99,Gauteng,0.03,75.96,2.2788,73.68119999999999,40,33.68119999999999,45.71206766447886,Completed,3.0,Yes,No
50473,2025-12-01,1030,2013,2,Shampoo,Personal Care,65,99.99,Eastern Cape,0.03,199.98,5.9994,193.98059999999998,130,63.98059999999998,32.982989020551535,Completed,4.0,No,No
50474,2026-03-11,1007,2018,2,LED Television,Electronics,3800,5499.99,KwaZulu-Natal,0.05,10999.98,549.999,10449.981,7600,2849.9809999999998,27.272595041081892,Completed,6.0,No,No
50475,2026-03-23,1010,2013,2,Shampoo,Personal Care,65,99.99,Free State,0.05,199.98,9.999,189.981,130,59.980999999999995,31.57210457887894,Completed,5.0,No,No
50476,2025-11-04,1041,2018,4,LED Television,Electronics,3800,5499.99,Eastern Cape,0.15,21999.96,3299.9939999999997,18699.966,15200,3499.9660000000003,18.71642975179741,Cancelled,4.0,No,Yes
50477,2025-09-06,1032,2005,1,Laundry Powder,Cleaning,100,145.0,Eastern Cape,0.03,145.0,4.35,140.65,100,40.650000000000006,28.901528617134737,Completed,2.0,Yes,No
50478,2025-06-15,1034,2013,4,Shampoo,Personal Care,65,99.99,Gauteng,0.0,399.96,0.0,399.96,260,139.95999999999998,34.99349934993499,Cancelled,6.0,No,No
50479,2026-04-26,1028,2004,2,Coca-Cola 2L,Beverages,17,26.99,Western Cape,0.08,53.98,4.3184,49.6616,34,15.6616,31.53663997938045,Completed,2.0,Yes,No
50480,2025-12-01,1015,2017,5,Beef Mince 1kg,Fresh Produce,100,159.99,Eastern Cape,0.03,799.95,23.9985,775.9515,500,275.9515,35.562982995715586,Pending,3.0,Yes,Yes
50481,2026-06-26,1030,2003,3,Rice 10kg,Groceries,120,179.99,Eastern Cape,0.08,539.97,43.1976,496.7724,360,136.7724,27.53220589549661,Completed,6.0,No,No
50482,2025-04-16,1037,2017,12,Beef Mince 1kg,Fresh Produce,100,159.99,KwaZulu-Natal,0.05,1919.88,95.99400000000001,1823.8860000000002,1200,623.8860000000002,34.20641421667802,Pending,6.0,No,No
50483,2025-03-22,1029,2011,8,Potato Chips,Snacks,12,24.99,Eastern Cape,0.15,199.92,29.987999999999996,169.932,96,73.93199999999999,43.50681449050208,Pending,4.0,No,Yes
50484,2025-05-13,1022,2020,4,Microwave Oven,Electronics,1200,1799.99,Free State,0.05,7199.96,359.99800000000005,6839.9619999999995,4800,2039.9619999999995,29.824171537795085,Completed,2.0,Yes,No
50485,2025-05-18,1004,2004,1,Coca-Cola 2L,Beverages,17,26.99,Free State,0.05,26.99,1.3495,25.6405,17,8.6405,33.69864082213685,Completed,5.0,No,No
50486,2025-07-03,1020,2002,1,Full Cream Milk,Dairy,15,24.5,Eastern Cape,0.08,24.5,1.96,22.54,15,7.539999999999999,33.451641526175685,Cancelled,1.0,Yes,No
50487,2026-02-05,1032,2020,12,Microwave Oven,Electronics,1200,1799.99,Eastern Cape,0.15,21599.88,3239.982,18359.898,14400,3959.898000000001,21.568191718712168,Completed,3.0,Yes,No
50488,2025-11-26,1036,2016,10,Chicken 2kg,Fresh Produce,85,129.99,Free State,0.05,1299.9,64.995,1234.9050000000002,850,384.9050000000002,31.16879436069982,Completed,1.0,Yes,No
50489,2026-05-23,1050,2018,3,LED Television,Electronics,3800,5499.99,Eastern Cape,0.0,16499.97,0.0,16499.97,11400,5099.970000000001,30.9089652890278,Pending,3.0,Yes,No
50490,2025-03-10,1004,2008,9,Instant Coffee,Beverages,90,139.99,Free State,0.05,1259.91,62.99550000000001,1196.9145,810,386.9145000000001,32.325993210041325,Pending,5.0,No,No
50491,2026-06-30,1027,2003,7,Rice 10kg,Groceries,120,179.99,KwaZulu-Natal,0.05,1259.93,62.996500000000005,1196.9335,840,356.9335000000001,29.8206625514283,Cancelled,6.0,No,No
50492,2025-02-22,1017,2009,2,Breakfast Cereal,Groceries,55,89.99,Eastern Cape,0.03,179.98,5.399399999999999,174.5806,110,64.5806,36.99185361947433,Completed,6.0,No,No
50493,2026-03-26,1012,2020,9,Microwave Oven,Electronics,1200,1799.99,KwaZulu-Natal,0.1,16199.91,1619.991,14579.919,10800,3779.919,25.925514401005934,Completed,4.0,No,No
50494,2025-07-24,1022,2006,10,Chocolate Bar,Snacks,9,17.99,Free State,0.05,179.89999999999998,8.995,170.90499999999997,90,80.90499999999997,47.339165033205575,Completed,3.0,Yes,Yes
50495,2025-05-06,1017,2010,2,Orange Juice,Beverages,25,44.99,Eastern Cape,0.05,89.98,4.4990000000000006,85.48100000000001,50,35.48100000000001,41.50746949614535,Completed,2.0,Yes,Yes
50496,2025-02-12,1010,2010,3,Orange Juice,Beverages,25,44.99,Free State,0.08,134.97,10.797600000000001,124.1724,75,49.172399999999996,39.60010437101965,Completed,2.0,Yes,No
50497,2025-04-21,1001,2013,11,Shampoo,Personal Care,65,99.99,Eastern Cape,0.15,1099.8899999999999,164.98349999999996,934.9064999999999,715,219.90649999999994,23.521763941099987,Completed,2.0,Yes,No
50498,2025-07-02,1022,2017,10,Beef Mince 1kg,Fresh Produce,100,159.99,Free State,0.15,1599.9,239.985,1359.915,1000,359.91499999999996,26.465992359816603,Completed,4.0,No,No
50499,2025-04-05,1026,2009,2,Breakfast Cereal,Groceries,55,89.99,KwaZulu-Natal,0.03,179.98,5.399399999999999,174.5806,110,64.5806,36.99185361947433,Completed,3.0,Yes,No
50500,2026-01-09,1018,2017,3,Beef Mince 1kg,Fresh Produce,100,159.99,Free State,0.08,479.97,38.397600000000004,441.5724,300,141.57240000000002,32.060971202004474,Pending,6.0,No,No
50501,2026-06-04,1050,2009,6,Breakfast Cereal,Groceries,55,89.99,Eastern Cape,0.08,539.9399999999999,43.19519999999999,496.74479999999994,330,166.74479999999994,33.567497837924016,Completed,5.0,No,No
50502,2025-12-26,1014,2009,9,Breakfast Cereal,Groceries,55,89.99,Western Cape,0.1,809.91,80.991,728.919,495,233.91899999999998,32.09122001210011,Completed,2.0,Yes,No
50503,2025-10-08,1047,2001,9,White Bread,Bakery,10,18.99,Western Cape,0.05,170.91,8.5455,162.3645,90,72.36449999999999,44.56916382583631,Completed,1.0,Yes,No
50504,2025-07-14,1029,2002,7,Full Cream Milk,Dairy,15,24.5,Eastern Cape,0.08,171.5,13.72,157.78,105,52.78,33.45164152617569,Completed,2.0,Yes,No
50505,2025-07-14,1012,2016,12,Chicken 2kg,Fresh Produce,85,129.99,KwaZulu-Natal,0.05,1559.88,77.99400000000001,1481.8860000000002,1020,461.8860000000002,31.16879436069982,Completed,6.0,No,No
50506,2025-04-03,1036,2001,3,White Bread,Bakery,10,18.99,Free State,0.08,56.97,4.5576,52.4124,30,22.412399999999998,42.761636559287496,Completed,4.0,No,No
50507,2025-03-02,1035,2010,4,Orange Juice,Beverages,25,44.99,KwaZulu-Natal,0.08,179.96,14.3968,165.5632,100,65.5632,39.60010437101965,Cancelled,5.0,No,No
50508,2025-02-20,1012,2018,6,LED Television,Electronics,3800,5499.99,KwaZulu-Natal,0.1,32999.94,3299.9940000000006,29699.946000000004,22800,6899.946000000004,23.232183654475342,Completed,3.0,Yes,No
50509,2026-02-07,1007,2008,11,Instant Coffee,Beverages,90,139.99,KwaZulu-Natal,0.1,1539.89,153.98900000000003,1385.901,990,395.90100000000007,28.566326166154727,Completed,5.0,No,No
50510,2025-01-05,1029,2011,5,Potato Chips,Snacks,12,24.99,Eastern Cape,0.03,124.94999999999999,3.7484999999999995,121.2015,60,61.201499999999996,50.495662182398725,Completed,1.0,Yes,No
50511,2026-04-11,1011,2002,2,Full Cream Milk,Dairy,15,24.5,Eastern Cape,0.08,49.0,3.92,45.08,30,15.079999999999998,33.451641526175685,Completed,2.0,Yes,No
50512,2026-06-18,1033,2008,6,Instant Coffee,Beverages,90,139.99,Eastern Cape,0.05,839.94,41.99700000000001,797.9430000000001,540,257.9430000000001,32.325993210041325,Completed,2.0,Yes,No
50513,2026-02-09,1006,2008,3,Instant Coffee,Beverages,90,139.99,Western Cape,0.0,419.97,0.0,419.97,270,149.97000000000003,35.70969354953925,Cancelled,2.0,Yes,Yes
50514,2026-05-28,1047,2017,8,Beef Mince 1kg,Fresh Produce,100,159.99,Western Cape,0.05,1279.92,63.99600000000001,1215.924,800,415.924,34.20641421667801,Completed,3.0,Yes,No
50515,2025-08-21,1015,2015,2,Cheese 500g,Dairy,55,84.99,Eastern Cape,0.08,169.98,13.5984,156.3816,110,46.38159999999999,29.659243798503145,Completed,1.0,Yes,Yes
50516,2026-06-08,1032,2017,1,Beef Mince 1kg,Fresh Produce,100,159.99,Eastern Cape,0.08,159.99,12.7992,147.1908,100,47.190799999999996,32.060971202004474,Completed,2.0,Yes,No
50517,2025-12-12,1011,2013,9,Shampoo,Personal Care,65,99.99,Eastern Cape,0.05,899.91,44.9955,854.9145,585,269.9145,31.57210457887894,Cancelled,5.0,No,No
50518,2025-02-15,1023,2019,12,Bluetooth Speaker,Electronics,500,799.99,Eastern Cape,0.15,9599.880000000001,1439.9820000000002,8159.898000000001,6000,2159.898000000001,26.469669106157955,Cancelled,3.0,Yes,No
50519,2026-06-30,1026,2005,3,Laundry Powder,Cleaning,100,145.0,KwaZulu-Natal,0.08,435.0,34.800000000000004,400.2,300,100.19999999999999,25.037481259370313,Completed,3.0,Yes,No
50520,2025-03-19,1034,2012,11,Dishwashing Liquid,Cleaning,45,69.99,Gauteng,0.1,769.89,76.989,692.901,495,197.90099999999995,28.561223031861687,Cancelled,1.0,Yes,No
50521,2025-03-14,1046,2001,1,White Bread,Bakery,10,18.99,Gauteng,0.03,18.99,0.5697,18.420299999999997,10,8.420299999999997,45.71206766447886,Completed,2.0,Yes,No
50522,2025-09-06,1034,2005,7,Laundry Powder,Cleaning,100,145.0,Gauteng,0.0,1015.0,0.0,1015.0,700,315.0,31.03448275862069,Completed,5.0,No,No
50523,2025-02-16,1029,2008,10,Instant Coffee,Beverages,90,139.99,Eastern Cape,0.15,1399.9,209.985,1189.915,900,289.91499999999996,24.36434535239912,Completed,1.0,Yes,No
50524,2025-05-01,1004,2013,5,Shampoo,Personal Care,65,99.99,Free State,0.05,499.95,24.997500000000002,474.9525,325,149.9525,31.57210457887894,Completed,2.0,Yes,No
50525,2025-08-02,1017,2008,5,Instant Coffee,Beverages,90,139.99,Eastern Cape,0.03,699.95,20.9985,678.9515,450,228.9515,33.721333556226035,Completed,6.0,No,No
50526,2025-08-27,1035,2011,1,Potato Chips,Snacks,12,24.99,KwaZulu-Natal,0.05,24.99,1.2495,23.740499999999997,12,11.740499999999997,49.453465596765014,Completed,3.0,Yes,No
50527,2025-02-25,1013,2001,9,White Bread,Bakery,10,18.99,Free State,0.1,170.91,17.091,153.819,90,63.81899999999999,41.489672927271656,Completed,6.0,No,No
50528,2025-12-16,1041,2013,7,Shampoo,Personal Care,65,99.99,Eastern Cape,0.08,699.93,55.9944,643.9355999999999,455,188.9355999999999,29.340760162972806,Cancelled,6.0,No,No
50529,2025-04-17,1039,2019,8,Bluetooth Speaker,Electronics,500,799.99,Gauteng,0.15,6399.92,959.9879999999999,5439.932,4000,1439.9319999999998,26.46966910615794,Completed,2.0,Yes,No
50530,2025-02-17,1015,2003,9,Rice 10kg,Groceries,120,179.99,Eastern Cape,0.1,1619.91,161.991,1457.919,1080,377.9190000000001,25.921810470952096,Pending,3.0,Yes,No
50531,2025-12-03,1029,2017,6,Beef Mince 1kg,Fresh Produce,100,159.99,Eastern Cape,0.03,959.94,28.7982,931.1418000000001,600,331.1418000000001,35.56298299571559,Completed,5.0,No,Yes
50532,2025-01-26,1029,2005,12,Laundry Powder,Cleaning,100,145.0,Eastern Cape,0.1,1740.0,174.0,1566.0,1200,366.0,23.371647509578544,Completed,4.0,No,No
50533,2025-09-14,1011,2020,5,Microwave Oven,Electronics,1200,1799.99,Eastern Cape,0.0,8999.95,0.0,8999.95,6000,2999.9500000000007,33.33296296090534,Completed,2.0,Yes,No
50534,2025-01-08,1032,2008,6,Instant Coffee,Beverages,90,139.99,Eastern Cape,0.08,839.94,67.1952,772.7448,540,232.74480000000005,30.11923211906441,Completed,3.0,Yes,No
50535,2025-09-10,1002,2014,11,Toilet Paper,Household,70,109.99,Free State,0.15,1209.8899999999999,181.48349999999996,1028.4064999999998,770,258.4064999999998,25.126883192589688,Cancelled,4.0,No,No
50536,2025-10-30,1047,2004,2,Coca-Cola 2L,Beverages,17,26.99,Western Cape,0.08,53.98,4.3184,49.6616,34,15.6616,31.53663997938045,Cancelled,5.0,No,No
50537,2025-02-25,1014,2011,4,Potato Chips,Snacks,12,24.99,Western Cape,0.03,99.96,2.9987999999999997,96.96119999999999,48,48.96119999999999,50.495662182398725,Completed,6.0,No,No
50538,2026-06-10,1020,2020,3,Microwave Oven,Electronics,1200,1799.99,Eastern Cape,0.05,5399.97,269.99850000000004,5129.971500000001,3600,1529.9715000000006,29.824171537795102,Completed,3.0,Yes,No
50539,2026-04-19,1022,2015,7,Cheese 500g,Dairy,55,84.99,Free State,0.05,594.93,29.746499999999997,565.1835,385,180.18349999999998,31.880530836445153,Completed,3.0,Yes,No
50540,2025-01-28,1011,2019,9,Bluetooth Speaker,Electronics,500,799.99,Eastern Cape,0.0,7199.91,0.0,7199.91,4500,2699.91,37.499218740234255,Pending,5.0,No,No
50541,2025-03-19,1027,2007,5,Cooking Oil 2L,Groceries,80,119.99,KwaZulu-Natal,0.0,599.9499999999999,0.0,599.9499999999999,400,199.94999999999993,33.32777731477623,Pending,5.0,No,No
50542,2025-08-04,1003,2019,6,Bluetooth Speaker,Electronics,500,799.99,KwaZulu-Natal,0.15,4799.9400000000005,719.9910000000001,4079.9490000000005,3000,1079.9490000000005,26.469669106157955,Cancelled,1.0,Yes,No
50543,2026-01-21,1017,2019,10,Bluetooth Speaker,Electronics,500,799.99,Eastern Cape,0.15,7999.9,1199.985,6799.915,5000,1799.915,26.469669106157944,Pending,3.0,Yes,No
50544,2025-12-31,1044,2011,12,Potato Chips,Snacks,12,24.99,Western Cape,0.05,299.88,14.994,284.88599999999997,144,140.88599999999997,49.453465596765014,Completed,6.0,No,No
50545,2026-06-10,1028,2005,12,Laundry Powder,Cleaning,100,145.0,Western Cape,0.1,1740.0,174.0,1566.0,1200,366.0,23.371647509578544,Pending,3.0,Yes,No
50546,2025-11-08,1029,2005,2,Laundry Powder,Cleaning,100,145.0,Eastern Cape,0.0,290.0,0.0,290.0,200,90.0,31.03448275862069,Completed,5.0,No,No
50547,2025-01-07,1021,2008,3,Instant Coffee,Beverages,90,139.99,Western Cape,0.05,419.97,20.998500000000003,398.97150000000005,270,128.97150000000005,32.325993210041325,Pending,2.0,Yes,Yes
50548,2025-01-03,1047,2010,3,Orange Juice,Beverages,25,44.99,Western Cape,0.05,134.97,6.7485,128.2215,75,53.22149999999999,41.50746949614534,Cancelled,2.0,Yes,No
50549,2025-12-29,1016,2006,12,Chocolate Bar,Snacks,9,17.99,Western Cape,0.1,215.88,21.588,194.292,108,86.292,44.4135630906059,Cancelled,4.0,No,No
50550,2026-05-23,1037,2015,12,Cheese 500g,Dairy,55,84.99,KwaZulu-Natal,0.05,1019.8799999999999,50.994,968.8859999999999,660,308.88599999999985,31.880530836445143,Completed,4.0,No,No
50551,2025-10-01,1020,2016,9,Chicken 2kg,Fresh Produce,85,129.99,Eastern Cape,0.15,1169.91,175.4865,994.4235000000001,765,229.4235000000001,23.07100546195862,Completed,2.0,Yes,No
50552,2026-05-21,1006,2017,7,Beef Mince 1kg,Fresh Produce,100,159.99,Western Cape,0.08,1119.93,89.59440000000001,1030.3356,700,330.3356000000001,32.06097120200448,Cancelled,5.0,No,No
50553,2025-01-15,1019,2008,8,Instant Coffee,Beverages,90,139.99,Gauteng,0.15,1119.92,167.988,951.932,720,231.93200000000002,24.364345352399123,Completed,5.0,No,No
50554,2025-07-11,1005,2008,11,Instant Coffee,Beverages,90,139.99,Free State,0.1,1539.89,153.98900000000003,1385.901,990,395.90100000000007,28.566326166154727,Completed,4.0,No,No
50555,2026-04-30,1003,2009,10,Breakfast Cereal,Groceries,55,89.99,KwaZulu-Natal,0.1,899.9,89.99000000000001,809.91,550,259.90999999999997,32.09122001210011,Completed,2.0,Yes,No
50556,2025-01-28,1001,2002,11,Full Cream Milk,Dairy,15,24.5,Eastern Cape,0.15,269.5,40.425,229.075,165,64.07499999999999,27.97118847539015,Cancelled,5.0,No,Yes
50557,2025-02-08,1038,2015,9,Cheese 500g,Dairy,55,84.99,Free State,0.15,764.91,114.73649999999999,650.1735,495,155.1735,23.86647564073282,Completed,2.0,Yes,Yes
50558,2025-09-30,1015,2018,6,LED Television,Electronics,3800,5499.99,Eastern Cape,0.0,32999.94,0.0,32999.94,22800,10199.940000000002,30.9089652890278,Completed,3.0,Yes,No
50559,2025-08-19,1034,2003,4,Rice 10kg,Groceries,120,179.99,Gauteng,0.08,719.96,57.5968,662.3632,480,182.3632,27.53220589549661,Completed,5.0,No,Yes
50560,2025-03-27,1035,2017,12,Beef Mince 1kg,Fresh Produce,100,159.99,KwaZulu-Natal,0.15,1919.88,287.982,1631.8980000000001,1200,431.89800000000014,26.465992359816614,Cancelled,6.0,No,No
50561,2026-04-19,1049,2004,1,Coca-Cola 2L,Beverages,17,26.99,Western Cape,0.05,26.99,1.3495,25.6405,17,8.6405,33.69864082213685,Completed,5.0,No,Yes
50562,2025-05-06,1025,2004,8,Coca-Cola 2L,Beverages,17,26.99,Gauteng,0.15,215.92,32.388,183.53199999999998,136,47.53199999999998,25.89848091885883,Pending,2.0,Yes,No
50563,2026-06-21,1024,2014,7,Toilet Paper,Household,70,109.99,Gauteng,0.05,769.93,38.4965,731.4335,490,241.43349999999998,33.008263909159204,Completed,4.0,No,No
50564,2025-05-25,1012,2009,2,Breakfast Cereal,Groceries,55,89.99,KwaZulu-Natal,0.08,179.98,14.398399999999999,165.58159999999998,110,55.58159999999998,33.567497837924016,Completed,5.0,No,No
50565,2026-06-09,1018,2009,8,Breakfast Cereal,Groceries,55,89.99,Free State,0.1,719.92,71.992,647.928,440,207.928,32.09122001210011,Completed,3.0,Yes,No
50566,2025-07-31,1015,2018,12,LED Television,Electronics,3800,5499.99,Eastern Cape,0.05,65999.88,3299.9940000000006,62699.886000000006,45600,17099.886000000006,27.2725950410819,Completed,1.0,Yes,No
50567,2025-01-25,1044,2010,5,Orange Juice,Beverages,25,44.99,Western Cape,0.0,224.95000000000002,0.0,224.95000000000002,125,99.95000000000002,44.43209602133808,Completed,2.0,Yes,No
50568,2026-01-29,1016,2004,7,Coca-Cola 2L,Beverages,17,26.99,Western Cape,0.03,188.92999999999998,5.6678999999999995,183.26209999999998,119,64.26209999999998,35.065679155701034,Completed,6.0,No,No
50569,2025-03-08,1027,2012,4,Dishwashing Liquid,Cleaning,45,69.99,KwaZulu-Natal,0.0,279.96,0.0,279.96,180,99.95999999999998,35.70510072867552,Cancelled,6.0,No,No
50570,2025-08-21,1008,2008,5,Instant Coffee,Beverages,90,139.99,KwaZulu-Natal,0.03,699.95,20.9985,678.9515,450,228.9515,33.721333556226035,Pending,6.0,No,Yes
50571,2025-04-19,1046,2002,8,Full Cream Milk,Dairy,15,24.5,Gauteng,0.15,196.0,29.4,166.6,120,46.599999999999994,27.97118847539015,Completed,3.0,Yes,No
50572,2025-05-26,1025,2013,1,Shampoo,Personal Care,65,99.99,Gauteng,0.05,99.99,4.9995,94.9905,65,29.990499999999997,31.57210457887894,Completed,6.0,No,Yes
50573,2025-04-21,1017,2016,1,Chicken 2kg,Fresh Produce,85,129.99,Eastern Cape,0.03,129.99,3.8997,126.09030000000001,85,41.09030000000001,32.587994476974046,Completed,6.0,No,No
50574,2025-08-16,1029,2002,4,Full Cream Milk,Dairy,15,24.5,Eastern Cape,0.0,98.0,0.0,98.0,60,38.0,38.775510204081634,Cancelled,4.0,No,Yes
50575,2025-04-21,1008,2011,3,Potato Chips,Snacks,12,24.99,KwaZulu-Natal,0.0,74.97,0.0,74.97,36,38.97,51.980792316926774,Cancelled,3.0,Yes,No
50576,2026-04-15,1015,2010,10,Orange Juice,Beverages,25,44.99,Eastern Cape,0.05,449.90000000000003,22.495000000000005,427.40500000000003,250,177.40500000000003,41.50746949614535,Completed,1.0,Yes,No
50577,2025-02-03,1027,2015,12,Cheese 500g,Dairy,55,84.99,KwaZulu-Natal,0.1,1019.8799999999999,101.988,917.8919999999998,660,257.8919999999998,28.09611588291432,Cancelled,3.0,Yes,No
50578,2026-01-04,1046,2017,2,Beef Mince 1kg,Fresh Produce,100,159.99,Gauteng,0.08,319.98,25.5984,294.3816,200,94.38159999999999,32.060971202004474,Completed,1.0,Yes,No
50579,2026-03-01,1050,2008,12,Instant Coffee,Beverages,90,139.99,Eastern Cape,0.05,1679.88,83.99400000000001,1595.8860000000002,1080,515.8860000000002,32.325993210041325,Completed,2.0,Yes,No
50580,2026-06-02,1007,2018,3,LED Television,Electronics,3800,5499.99,KwaZulu-Natal,0.0,16499.97,0.0,16499.97,11400,5099.970000000001,30.9089652890278,Completed,4.0,No,No
50581,2025-10-09,1003,2009,11,Breakfast Cereal,Groceries,55,89.99,KwaZulu-Natal,0.1,989.89,98.989,890.901,605,285.90099999999995,32.09122001210011,Cancelled,5.0,No,No
50582,2025-11-16,1029,2008,11,Instant Coffee,Beverages,90,139.99,Eastern Cape,0.15,1539.89,230.9835,1308.9065,990,318.90650000000005,24.364345352399123,Cancelled,3.0,Yes,No
50583,2026-03-19,1044,2014,11,Toilet Paper,Household,70,109.99,Western Cape,0.1,1209.8899999999999,120.98899999999999,1088.9009999999998,770,318.90099999999984,29.286500793001373,Completed,4.0,No,No
50584,2025-11-11,1024,2018,1,LED Television,Electronics,3800,5499.99,Gauteng,0.0,5499.99,0.0,5499.99,3800,1699.9899999999998,30.908965289027794,Pending,1.0,Yes,No
50585,2026-01-12,1003,2020,1,Microwave Oven,Electronics,1200,1799.99,KwaZulu-Natal,0.05,1799.99,89.99950000000001,1709.9904999999999,1200,509.9904999999999,29.824171537795085,Pending,3.0,Yes,No
50586,2025-10-16,1020,2020,6,Microwave Oven,Electronics,1200,1799.99,Eastern Cape,0.1,10799.94,1079.9940000000001,9719.946,7200,2519.946,25.925514401005934,Cancelled,2.0,Yes,No
50587,2026-03-13,1046,2012,5,Dishwashing Liquid,Cleaning,45,69.99,Gauteng,0.05,349.95,17.4975,332.4525,225,107.45249999999999,32.32115866176371,Completed,2.0,Yes,No
50588,2025-10-04,1015,2019,8,Bluetooth Speaker,Electronics,500,799.99,Eastern Cape,0.0,6399.92,0.0,6399.92,4000,2399.92,37.499218740234255,Completed,4.0,No,No
50589,2026-05-18,1025,2014,2,Toilet Paper,Household,70,109.99,Gauteng,0.03,219.98,6.599399999999999,213.3806,140,73.38059999999999,34.3895368182487,Cancelled,5.0,No,No
50590,2026-05-31,1030,2017,4,Beef Mince 1kg,Fresh Produce,100,159.99,Eastern Cape,0.03,639.96,19.198800000000002,620.7612,400,220.76120000000003,35.562982995715586,Completed,3.0,Yes,No
50591,2025-12-16,1014,2003,8,Rice 10kg,Groceries,120,179.99,Western Cape,0.05,1439.92,71.99600000000001,1367.924,960,407.924,29.820662551428295,Completed,5.0,No,No
50592,2026-03-22,1007,2007,12,Cooking Oil 2L,Groceries,80,119.99,KwaZulu-Natal,0.15,1439.8799999999999,215.98199999999997,1223.898,960,263.8979999999999,21.56209095856027,Pending,5.0,No,No
50593,2025-12-16,1017,2017,6,Beef Mince 1kg,Fresh Produce,100,159.99,Eastern Cape,0.03,959.94,28.7982,931.1418000000001,600,331.1418000000001,35.56298299571559,Cancelled,6.0,No,No
50594,2025-05-17,1044,2012,1,Dishwashing Liquid,Cleaning,45,69.99,Western Cape,0.0,69.99,0.0,69.99,45,24.989999999999995,35.70510072867552,Completed,3.0,Yes,No
50595,2025-08-31,1020,2009,4,Breakfast Cereal,Groceries,55,89.99,Eastern Cape,0.0,359.96,0.0,359.96,220,139.95999999999998,38.88209801089009,Completed,1.0,Yes,No
50596,2026-06-27,1036,2015,1,Cheese 500g,Dairy,55,84.99,Free State,0.08,84.99,6.7992,78.1908,55,23.190799999999996,29.659243798503145,Cancelled,4.0,No,No
50597,2025-02-09,1009,2018,2,LED Television,Electronics,3800,5499.99,KwaZulu-Natal,0.0,10999.98,0.0,10999.98,7600,3399.9799999999996,30.908965289027794,Completed,4.0,No,No
50598,2025-08-17,1038,2013,5,Shampoo,Personal Care,65,99.99,Free State,0.03,499.95,14.9985,484.9515,325,159.9515,32.98298902055154,Completed,6.0,No,No
50599,2025-08-11,1048,2008,8,Instant Coffee,Beverages,90,139.99,Free State,0.15,1119.92,167.988,951.932,720,231.93200000000002,24.364345352399123,Cancelled,2.0,Yes,No
50600,2025-01-06,1022,2014,8,Toilet Paper,Household,70,109.99,Free State,0.05,879.92,43.996,835.924,560,275.924,33.008263909159204,Completed,4.0,No,No
50601,2025-11-18,1002,2008,11,Instant Coffee,Beverages,90,139.99,Free State,0.1,1539.89,153.98900000000003,1385.901,990,395.90100000000007,28.566326166154727,Completed,2.0,Yes,No
50602,2026-04-13,1024,2014,3,Toilet Paper,Household,70,109.99,Gauteng,0.05,329.96999999999997,16.4985,313.4715,210,103.47149999999999,33.008263909159204,Completed,1.0,Yes,No
50603,2025-03-16,1008,2007,11,Cooking Oil 2L,Groceries,80,119.99,KwaZulu-Natal,0.05,1319.8899999999999,65.9945,1253.8954999999999,880,373.89549999999986,29.81871296292234,Completed,3.0,Yes,No
50604,2025-01-04,1011,2012,4,Dishwashing Liquid,Cleaning,45,69.99,Eastern Cape,0.08,279.96,22.3968,257.5632,180,77.5632,30.114239922473395,Completed,4.0,No,No
50605,2025-04-28,1013,2011,10,Potato Chips,Snacks,12,24.99,Free State,0.1,249.89999999999998,24.99,224.90999999999997,120,104.90999999999997,46.64532479658529,Completed,1.0,Yes,No
50606,2026-05-19,1017,2011,11,Potato Chips,Snacks,12,24.99,Eastern Cape,0.1,274.89,27.489,247.40099999999998,132,115.40099999999998,46.6453247965853,Completed,6.0,No,No
50607,2026-03-17,1008,2013,6,Shampoo,Personal Care,65,99.99,KwaZulu-Natal,0.08,599.9399999999999,47.9952,551.9448,390,161.9448,29.340760162972817,Pending,4.0,No,No
50608,2025-07-13,1021,2018,11,LED Television,Electronics,3800,5499.99,Western Cape,0.0,60499.89,0.0,60499.89,41800,18699.89,30.908965289027794,Completed,3.0,Yes,No
50609,2026-01-27,1018,2002,11,Full Cream Milk,Dairy,15,24.5,Free State,0.05,269.5,13.475000000000001,256.025,165,91.02499999999998,35.5531686358754,Cancelled,3.0,Yes,No
50610,2025-01-26,1030,2015,10,Cheese 500g,Dairy,55,84.99,Eastern Cape,0.05,849.9,42.495000000000005,807.405,550,257.405,31.880530836445153,Completed,3.0,Yes,No
50611,2026-03-11,1018,2020,3,Microwave Oven,Electronics,1200,1799.99,Free State,0.1,5399.97,539.9970000000001,4859.973,3600,1259.973,25.925514401005934,Completed,3.0,Yes,No
50612,2025-06-22,1046,2018,2,LED Television,Electronics,3800,5499.99,Gauteng,0.05,10999.98,549.999,10449.981,7600,2849.9809999999998,27.272595041081892,Completed,3.0,Yes,No
50613,2025-10-27,1047,2015,6,Cheese 500g,Dairy,55,84.99,Western Cape,0.03,509.93999999999994,15.298199999999998,494.64179999999993,330,164.64179999999993,33.28505597383803,Completed,4.0,No,No
50614,2025-11-22,1031,2019,11,Bluetooth Speaker,Electronics,500,799.99,KwaZulu-Natal,0.1,8799.89,879.989,7919.901,5500,2419.901,30.554687489149167,Completed,2.0,Yes,No
50615,2026-02-14,1038,2012,5,Dishwashing Liquid,Cleaning,45,69.99,Free State,0.05,349.95,17.4975,332.4525,225,107.45249999999999,32.32115866176371,Pending,3.0,Yes,No
50616,2025-04-28,1032,2013,10,Shampoo,Personal Care,65,99.99,Eastern Cape,0.15,999.9,149.98499999999999,849.915,650,199.91499999999996,23.521763941099987,Completed,6.0,No,Yes
50617,2025-08-13,1011,2011,5,Potato Chips,Snacks,12,24.99,Eastern Cape,0.05,124.94999999999999,6.2475,118.70249999999999,60,58.702499999999986,49.453465596765014,Completed,2.0,Yes,No
50618,2026-06-16,1045,2005,10,Laundry Powder,Cleaning,100,145.0,Western Cape,0.1,1450.0,145.0,1305.0,1000,305.0,23.371647509578544,Completed,2.0,Yes,Yes
50619,2025-04-23,1025,2001,5,White Bread,Bakery,10,18.99,Gauteng,0.03,94.94999999999999,2.8484999999999996,92.10149999999999,50,42.10149999999999,45.71206766447886,Completed,6.0,No,No
50620,2025-05-20,1033,2003,10,Rice 10kg,Groceries,120,179.99,Eastern Cape,0.1,1799.9,179.99,1619.91,1200,419.9100000000001,25.921810470952096,Completed,1.0,Yes,No
50621,2025-01-01,1038,2019,12,Bluetooth Speaker,Electronics,500,799.99,Free State,0.05,9599.880000000001,479.9940000000001,9119.886,6000,3119.8860000000004,34.20970393708869,Completed,2.0,Yes,Yes
50622,2025-03-31,1041,2007,5,Cooking Oil 2L,Groceries,80,119.99,Eastern Cape,0.08,599.9499999999999,47.995999999999995,551.954,400,151.95399999999995,27.53019273345242,Cancelled,1.0,Yes,No
50623,2025-11-16,1008,2012,3,Dishwashing Liquid,Cleaning,45,69.99,KwaZulu-Natal,0.0,209.96999999999997,0.0,209.96999999999997,135,74.96999999999997,35.70510072867552,Completed,6.0,No,No
50624,2025-05-19,1011,2015,7,Cheese 500g,Dairy,55,84.99,Eastern Cape,0.08,594.93,47.5944,547.3356,385,162.3356,29.659243798503148,Completed,2.0,Yes,No
50625,2026-05-26,1022,2005,6,Laundry Powder,Cleaning,100,145.0,Free State,0.05,870.0,43.5,826.5,600,226.5,27.404718693284934,Completed,5.0,No,No
50626,2025-09-16,1024,2015,4,Cheese 500g,Dairy,55,84.99,Gauteng,0.05,339.96,16.998,322.962,220,102.96199999999999,31.880530836445153,Cancelled,2.0,Yes,No
50627,2025-01-10,1041,2008,2,Instant Coffee,Beverages,90,139.99,Eastern Cape,0.0,279.98,0.0,279.98,180,99.98000000000002,35.70969354953925,Completed,3.0,Yes,No
50628,2025-09-18,1017,2010,12,Orange Juice,Beverages,25,44.99,Eastern Cape,0.1,539.88,53.988,485.892,300,185.892,38.257884468153414,Completed,3.0,Yes,No
50629,2025-06-21,1012,2016,9,Chicken 2kg,Fresh Produce,85,129.99,KwaZulu-Natal,0.15,1169.91,175.4865,994.4235000000001,765,229.4235000000001,23.07100546195862,Pending,5.0,No,Yes
50630,2025-01-13,1046,2008,1,Instant Coffee,Beverages,90,139.99,Gauteng,0.03,139.99,4.1997,135.7903,90,45.7903,33.721333556226035,Completed,2.0,Yes,No
50631,2025-06-17,1032,2001,11,White Bread,Bakery,10,18.99,Eastern Cape,0.1,208.89,20.889,188.00099999999998,110,78.00099999999998,41.489672927271656,Pending,4.0,No,No
50632,2025-11-17,1015,2012,4,Dishwashing Liquid,Cleaning,45,69.99,Eastern Cape,0.0,279.96,0.0,279.96,180,99.95999999999998,35.70510072867552,Completed,4.0,No,No
50633,2025-11-15,1016,2005,1,Laundry Powder,Cleaning,100,145.0,Western Cape,0.05,145.0,7.25,137.75,100,37.75,27.404718693284934,Completed,1.0,Yes,Yes
50634,2025-11-25,1022,2003,6,Rice 10kg,Groceries,120,179.99,Free State,0.0,1079.94,0.0,1079.94,720,359.94000000000005,33.32962942385688,Completed,5.0,No,No
50635,2026-02-23,1028,2001,4,White Bread,Bakery,10,18.99,Western Cape,0.08,75.96,6.0767999999999995,69.88319999999999,40,29.883199999999988,42.76163655928749,Completed,1.0,Yes,No
50636,2025-04-05,1020,2004,5,Coca-Cola 2L,Beverages,17,26.99,Eastern Cape,0.05,134.95,6.7475,128.2025,85,43.202499999999986,33.69864082213685,Completed,3.0,Yes,No
50637,2025-11-14,1033,2008,5,Instant Coffee,Beverages,90,139.99,Eastern Cape,0.0,699.95,0.0,699.95,450,249.95000000000005,35.70969354953925,Completed,3.0,Yes,No
50638,2025-08-24,1010,2003,9,Rice 10kg,Groceries,120,179.99,Free State,0.1,1619.91,161.991,1457.919,1080,377.9190000000001,25.921810470952096,Completed,3.0,Yes,No
50639,2025-11-30,1040,2010,1,Orange Juice,Beverages,25,44.99,Western Cape,0.0,44.99,0.0,44.99,25,19.990000000000002,44.43209602133808,Cancelled,6.0,No,No
50640,2026-01-11,1032,2002,2,Full Cream Milk,Dairy,15,24.5,Eastern Cape,0.0,49.0,0.0,49.0,30,19.0,38.775510204081634,Completed,6.0,No,No
50641,2026-04-04,1050,2011,6,Potato Chips,Snacks,12,24.99,Eastern Cape,0.0,149.94,0.0,149.94,72,77.94,51.980792316926774,Completed,2.0,Yes,No
50642,2025-05-17,1033,2010,5,Orange Juice,Beverages,25,44.99,Eastern Cape,0.05,224.95000000000002,11.247500000000002,213.70250000000001,125,88.70250000000001,41.50746949614535,Completed,1.0,Yes,No
50643,2026-05-28,1002,2014,11,Toilet Paper,Household,70,109.99,Free State,0.1,1209.8899999999999,120.98899999999999,1088.9009999999998,770,318.90099999999984,29.286500793001373,Completed,3.0,Yes,No
50644,2025-10-23,1033,2007,7,Cooking Oil 2L,Groceries,80,119.99,Eastern Cape,0.03,839.93,25.197899999999997,814.7321,560,254.73209999999995,31.265749809047655,Pending,6.0,No,Yes
50645,2025-11-16,1033,2002,3,Full Cream Milk,Dairy,15,24.5,Eastern Cape,0.0,73.5,0.0,73.5,45,28.5,38.775510204081634,Completed,1.0,Yes,No
50646,2025-12-15,1041,2009,3,Breakfast Cereal,Groceries,55,89.99,Eastern Cape,0.08,269.96999999999997,21.597599999999996,248.37239999999997,165,83.37239999999997,33.567497837924016,Completed,3.0,Yes,No
50647,2025-08-17,1013,2016,10,Chicken 2kg,Fresh Produce,85,129.99,Free State,0.1,1299.9,129.99,1169.91,850,319.9100000000001,27.344838491849803,Completed,2.0,Yes,No
50648,2025-09-27,1030,2013,2,Shampoo,Personal Care,65,99.99,Eastern Cape,0.05,199.98,9.999,189.981,130,59.980999999999995,31.57210457887894,Completed,1.0,Yes,No
50649,2025-10-18,1033,2009,3,Breakfast Cereal,Groceries,55,89.99,Eastern Cape,0.03,269.96999999999997,8.099099999999998,261.87089999999995,165,96.87089999999995,36.99185361947432,Pending,2.0,Yes,No
50650,2025-06-14,1013,2020,10,Microwave Oven,Electronics,1200,1799.99,Free State,0.15,17999.9,2699.985,15299.915,12000,3299.915000000001,21.568191718712168,Completed,1.0,Yes,No
50651,2025-01-05,1026,2004,1,Coca-Cola 2L,Beverages,17,26.99,KwaZulu-Natal,0.08,26.99,2.1592,24.8308,17,7.8308,31.53663997938045,Cancelled,2.0,Yes,No
50652,2026-01-14,1022,2010,5,Orange Juice,Beverages,25,44.99,Free State,0.08,224.95000000000002,17.996000000000002,206.954,125,81.95400000000001,39.600104371019654,Completed,3.0,Yes,No
50653,2025-03-19,1039,2012,12,Dishwashing Liquid,Cleaning,45,69.99,Gauteng,0.15,839.8799999999999,125.98199999999997,713.8979999999999,540,173.8979999999999,24.358942033735904,Completed,4.0,No,No
50654,2026-02-14,1002,2017,5,Beef Mince 1kg,Fresh Produce,100,159.99,Free State,0.05,799.95,39.9975,759.9525000000001,500,259.9525000000001,34.20641421667803,Completed,6.0,No,No
50655,2025-05-12,1038,2014,12,Toilet Paper,Household,70,109.99,Free State,0.15,1319.8799999999999,197.98199999999997,1121.898,840,281.8979999999999,25.126883192589695,Cancelled,4.0,No,Yes
50656,2025-02-11,1039,2014,11,Toilet Paper,Household,70,109.99,Gauteng,0.15,1209.8899999999999,181.48349999999996,1028.4064999999998,770,258.4064999999998,25.126883192589688,Cancelled,4.0,No,No
50657,2025-03-30,1026,2002,7,Full Cream Milk,Dairy,15,24.5,KwaZulu-Natal,0.05,171.5,8.575000000000001,162.925,105,57.92500000000001,35.55316863587541,Cancelled,2.0,Yes,No
50658,2026-02-06,1046,2020,4,Microwave Oven,Electronics,1200,1799.99,Gauteng,0.0,7199.96,0.0,7199.96,4800,2399.96,33.33296296090534,Completed,5.0,No,No
50659,2025-10-23,1050,2011,3,Potato Chips,Snacks,12,24.99,Eastern Cape,0.05,74.97,3.7485,71.22149999999999,36,35.22149999999999,49.453465596765014,Completed,3.0,Yes,No
50660,2025-10-22,1015,2016,1,Chicken 2kg,Fresh Produce,85,129.99,Eastern Cape,0.08,129.99,10.3992,119.5908,85,34.5908,28.924298524635677,Completed,4.0,No,No
50661,2026-06-10,1034,2019,12,Bluetooth Speaker,Electronics,500,799.99,Gauteng,0.15,9599.880000000001,1439.9820000000002,8159.898000000001,6000,2159.898000000001,26.469669106157955,Completed,2.0,Yes,No
50662,2026-02-26,1042,2006,8,Chocolate Bar,Snacks,9,17.99,Gauteng,0.05,143.92,7.196,136.724,72,64.72399999999999,47.339165033205575,Cancelled,4.0,No,No
50663,2025-01-23,1044,2019,3,Bluetooth Speaker,Electronics,500,799.99,Western Cape,0.15,2399.9700000000003,359.99550000000005,2039.9745000000003,1500,539.9745000000003,26.469669106157955,Completed,1.0,Yes,No
50664,2025-05-23,1049,2005,2,Laundry Powder,Cleaning,100,145.0,Western Cape,0.08,290.0,23.2,266.8,200,66.80000000000001,25.03748125937032,Completed,2.0,Yes,No
50665,2025-05-25,1040,2004,11,Coca-Cola 2L,Beverages,17,26.99,Western Cape,0.15,296.89,44.5335,252.35649999999998,187,65.35649999999998,25.89848091885883,Completed,5.0,No,No
50666,2025-08-13,1011,2015,4,Cheese 500g,Dairy,55,84.99,Eastern Cape,0.03,339.96,10.198799999999999,329.7612,220,109.76119999999997,33.285055973838034,Pending,1.0,Yes,No
50667,2026-05-18,1003,2004,3,Coca-Cola 2L,Beverages,17,26.99,KwaZulu-Natal,0.0,80.97,0.0,80.97,51,29.97,37.013708781030005,Pending,5.0,No,Yes
50668,2025-04-14,1006,2020,1,Microwave Oven,Electronics,1200,1799.99,Western Cape,0.0,1799.99,0.0,1799.99,1200,599.99,33.33296296090534,Completed,1.0,Yes,No
50669,2025-02-08,1009,2010,3,Orange Juice,Beverages,25,44.99,KwaZulu-Natal,0.05,134.97,6.7485,128.2215,75,53.22149999999999,41.50746949614534,Completed,1.0,Yes,Yes
50670,2025-07-17,1006,2003,12,Rice 10kg,Groceries,120,179.99,Western Cape,0.15,2159.88,323.982,1835.8980000000001,1440,395.89800000000014,21.564269910419867,Completed,6.0,No,No
50671,2026-01-26,1009,2005,2,Laundry Powder,Cleaning,100,145.0,KwaZulu-Natal,0.0,290.0,0.0,290.0,200,90.0,31.03448275862069,Completed,3.0,Yes,No
50672,2025-06-28,1039,2006,8,Chocolate Bar,Snacks,9,17.99,Gauteng,0.05,143.92,7.196,136.724,72,64.72399999999999,47.339165033205575,Pending,3.0,Yes,No
50673,2026-03-24,1031,2008,6,Instant Coffee,Beverages,90,139.99,KwaZulu-Natal,0.05,839.94,41.99700000000001,797.9430000000001,540,257.9430000000001,32.325993210041325,Cancelled,3.0,Yes,No
50674,2026-05-15,1032,2007,9,Cooking Oil 2L,Groceries,80,119.99,Eastern Cape,0.1,1079.9099999999999,107.99099999999999,971.9189999999999,720,251.91899999999987,25.919752571973582,Cancelled,2.0,Yes,No
50675,2025-01-15,1041,2010,8,Orange Juice,Beverages,25,44.99,Eastern Cape,0.1,359.92,35.992000000000004,323.928,200,123.928,38.257884468153414,Completed,2.0,Yes,No
50676,2025-10-16,1050,2006,10,Chocolate Bar,Snacks,9,17.99,Eastern Cape,0.05,179.89999999999998,8.995,170.90499999999997,90,80.90499999999997,47.339165033205575,Cancelled,2.0,Yes,No
50677,2026-04-23,1012,2014,3,Toilet Paper,Household,70,109.99,KwaZulu-Natal,0.08,329.96999999999997,26.397599999999997,303.57239999999996,210,93.57239999999996,30.823750775762214,Completed,2.0,Yes,No
50678,2025-08-19,1008,2004,5,Coca-Cola 2L,Beverages,17,26.99,KwaZulu-Natal,0.0,134.95,0.0,134.95,85,49.94999999999999,37.013708781030005,Pending,6.0,No,No
50679,2026-02-24,1008,2013,7,Shampoo,Personal Care,65,99.99,KwaZulu-Natal,0.08,699.93,55.9944,643.9355999999999,455,188.9355999999999,29.340760162972806,Completed,1.0,Yes,No
50680,2025-06-06,1050,2020,5,Microwave Oven,Electronics,1200,1799.99,Eastern Cape,0.15,8999.95,1349.9925,7649.9575,6000,1649.9575000000004,21.568191718712168,Cancelled,3.0,Yes,No
50681,2026-03-17,1028,2017,8,Beef Mince 1kg,Fresh Produce,100,159.99,Western Cape,0.15,1279.92,191.988,1087.932,800,287.932,26.46599235981661,Pending,2.0,Yes,No
50682,2025-04-07,1020,2007,12,Cooking Oil 2L,Groceries,80,119.99,Eastern Cape,0.05,1439.8799999999999,71.994,1367.886,960,407.88599999999997,29.818712962922344,Cancelled,1.0,Yes,No
50683,2026-02-15,1047,2004,5,Coca-Cola 2L,Beverages,17,26.99,Western Cape,0.08,134.95,10.796,124.154,85,39.153999999999996,31.536639979380443,Completed,5.0,No,No
50684,2025-10-16,1007,2014,1,Toilet Paper,Household,70,109.99,KwaZulu-Natal,0.0,109.99,0.0,109.99,70,39.989999999999995,36.35785071370125,Completed,3.0,Yes,No
50685,2025-09-11,1011,2003,5,Rice 10kg,Groceries,120,179.99,Eastern Cape,0.05,899.95,44.9975,854.9525000000001,600,254.9525000000001,29.820662551428306,Completed,3.0,Yes,No
50686,2025-07-15,1020,2005,4,Laundry Powder,Cleaning,100,145.0,Eastern Cape,0.0,580.0,0.0,580.0,400,180.0,31.03448275862069,Completed,4.0,No,Yes
50687,2026-06-06,1016,2016,6,Chicken 2kg,Fresh Produce,85,129.99,Western Cape,0.0,779.94,0.0,779.94,510,269.94000000000005,34.610354642664824,Pending,4.0,No,No
50688,2026-06-01,1004,2020,3,Microwave Oven,Electronics,1200,1799.99,Free State,0.05,5399.97,269.99850000000004,5129.971500000001,3600,1529.9715000000006,29.824171537795102,Completed,6.0,No,No
50689,2025-04-28,1006,2004,11,Coca-Cola 2L,Beverages,17,26.99,Western Cape,0.05,296.89,14.8445,282.0455,187,95.0455,33.69864082213685,Cancelled,2.0,Yes,No
50690,2025-06-08,1022,2002,5,Full Cream Milk,Dairy,15,24.5,Free State,0.03,122.5,3.675,118.825,75,43.825,36.88196928255839,Cancelled,5.0,No,No
50691,2025-08-16,1026,2018,2,LED Television,Electronics,3800,5499.99,KwaZulu-Natal,0.05,10999.98,549.999,10449.981,7600,2849.9809999999998,27.272595041081892,Completed,2.0,Yes,No
50692,2025-08-04,1003,2019,11,Bluetooth Speaker,Electronics,500,799.99,KwaZulu-Natal,0.0,8799.89,0.0,8799.89,5500,3299.8899999999994,37.49921874023425,Completed,2.0,Yes,No
50693,2025-01-15,1041,2019,6,Bluetooth Speaker,Electronics,500,799.99,Eastern Cape,0.0,4799.9400000000005,0.0,4799.9400000000005,3000,1799.9400000000005,37.499218740234255,Cancelled,6.0,No,No
50694,2025-06-06,1042,2017,12,Beef Mince 1kg,Fresh Produce,100,159.99,Gauteng,0.15,1919.88,287.982,1631.8980000000001,1200,431.89800000000014,26.465992359816614,Pending,6.0,No,Yes
50695,2025-09-18,1014,2014,6,Toilet Paper,Household,70,109.99,Western Cape,0.0,659.9399999999999,0.0,659.9399999999999,420,239.93999999999994,36.35785071370124,Completed,1.0,Yes,No
50696,2025-06-06,1011,2019,5,Bluetooth Speaker,Electronics,500,799.99,Eastern Cape,0.15,3999.95,599.9925,3399.9575,2500,899.9575,26.469669106157944,Pending,3.0,Yes,No
50697,2025-02-16,1018,2013,6,Shampoo,Personal Care,65,99.99,Free State,0.03,599.9399999999999,17.998199999999997,581.9418,390,191.94179999999994,32.982989020551535,Completed,6.0,No,No
50698,2025-11-20,1012,2012,11,Dishwashing Liquid,Cleaning,45,69.99,KwaZulu-Natal,0.15,769.89,115.48349999999999,654.4065,495,159.40650000000005,24.358942033735918,Completed,2.0,Yes,No
50699,2025-05-10,1023,2006,7,Chocolate Bar,Snacks,9,17.99,Eastern Cape,0.0,125.92999999999999,0.0,125.92999999999999,63,62.92999999999999,49.972206781545296,Cancelled,4.0,No,No
50700,2026-02-15,1012,2004,12,Coca-Cola 2L,Beverages,17,26.99,KwaZulu-Natal,0.15,323.88,48.582,275.298,204,71.298,25.898480918858834,Pending,3.0,Yes,No
50701,2025-04-05,1013,2019,5,Bluetooth Speaker,Electronics,500,799.99,Free State,0.1,3999.95,399.995,3599.955,2500,1099.955,30.554687489149167,Completed,1.0,Yes,No
50702,2025-10-19,1025,2016,1,Chicken 2kg,Fresh Produce,85,129.99,Gauteng,0.03,129.99,3.8997,126.09030000000001,85,41.09030000000001,32.587994476974046,Completed,3.0,Yes,Yes
50703,2025-10-10,1045,2013,8,Shampoo,Personal Care,65,99.99,Western Cape,0.15,799.92,119.98799999999999,679.932,520,159.93200000000002,23.521763941099994,Pending,2.0,Yes,No
50704,2025-03-10,1019,2004,4,Coca-Cola 2L,Beverages,17,26.99,Gauteng,0.0,107.96,0.0,107.96,68,39.959999999999994,37.013708781030005,Completed,5.0,No,No
50705,2025-01-11,1046,2017,9,Beef Mince 1kg,Fresh Produce,100,159.99,Gauteng,0.05,1439.91,71.9955,1367.9145,900,467.9145000000001,34.20641421667802,Cancelled,3.0,Yes,No
50706,2025-09-11,1036,2001,10,White Bread,Bakery,10,18.99,Free State,0.05,189.89999999999998,9.495,180.40499999999997,100,80.40499999999997,44.569163825836306,Completed,2.0,Yes,No
50707,2025-05-14,1045,2018,12,LED Television,Electronics,3800,5499.99,Western Cape,0.0,65999.88,0.0,65999.88,45600,20399.880000000005,30.9089652890278,Completed,1.0,Yes,No
50708,2025-01-23,1008,2020,6,Microwave Oven,Electronics,1200,1799.99,KwaZulu-Natal,0.0,10799.94,0.0,10799.94,7200,3599.9400000000005,33.33296296090534,Completed,5.0,No,Yes
50709,2025-12-12,1029,2017,1,Beef Mince 1kg,Fresh Produce,100,159.99,Eastern Cape,0.0,159.99,0.0,159.99,100,59.99000000000001,37.49609350584412,Completed,2.0,Yes,No
50710,2025-10-29,1032,2015,3,Cheese 500g,Dairy,55,84.99,Eastern Cape,0.03,254.96999999999997,7.649099999999999,247.32089999999997,165,82.32089999999997,33.28505597383803,Completed,5.0,No,No
50711,2025-12-29,1044,2011,3,Potato Chips,Snacks,12,24.99,Western Cape,0.0,74.97,0.0,74.97,36,38.97,51.980792316926774,Cancelled,4.0,No,No
50712,2026-01-31,1018,2013,10,Shampoo,Personal Care,65,99.99,Free State,0.1,999.9,99.99000000000001,899.91,650,249.90999999999997,27.7705548332611,Pending,2.0,Yes,No
50713,2025-08-06,1006,2001,12,White Bread,Bakery,10,18.99,Western Cape,0.15,227.88,34.181999999999995,193.698,120,73.69800000000001,38.04788898181706,Completed,4.0,No,No
50714,2025-05-21,1018,2017,12,Beef Mince 1kg,Fresh Produce,100,159.99,Free State,0.1,1919.88,191.98800000000003,1727.892,1200,527.892,30.551215006493464,Completed,2.0,Yes,No
50715,2025-07-29,1019,2006,4,Chocolate Bar,Snacks,9,17.99,Gauteng,0.03,71.96,2.1588,69.8012,36,33.801199999999994,48.424955444892056,Completed,2.0,Yes,No
50716,2026-04-05,1022,2004,6,Coca-Cola 2L,Beverages,17,26.99,Free State,0.05,161.94,8.097,153.843,102,51.84299999999999,33.69864082213685,Completed,2.0,Yes,No
50717,2025-12-22,1037,2020,7,Microwave Oven,Electronics,1200,1799.99,KwaZulu-Natal,0.1,12599.93,1259.9930000000002,11339.937,8400,2939.937,25.925514401005934,Completed,3.0,Yes,No
50718,2025-11-20,1032,2016,10,Chicken 2kg,Fresh Produce,85,129.99,Eastern Cape,0.1,1299.9,129.99,1169.91,850,319.9100000000001,27.344838491849803,Completed,2.0,Yes,No
50719,2025-05-13,1041,2015,4,Cheese 500g,Dairy,55,84.99,Eastern Cape,0.05,339.96,16.998,322.962,220,102.96199999999999,31.880530836445153,Completed,5.0,No,No
50720,2025-05-07,1003,2015,6,Cheese 500g,Dairy,55,84.99,KwaZulu-Natal,0.08,509.93999999999994,40.795199999999994,469.1447999999999,330,139.14479999999992,29.659243798503137,Completed,6.0,No,Yes
50721,2025-04-16,1028,2006,11,Chocolate Bar,Snacks,9,17.99,Western Cape,0.1,197.89,19.789,178.101,99,79.101,44.41356309060589,Completed,2.0,Yes,No
50722,2026-01-13,1010,2015,1,Cheese 500g,Dairy,55,84.99,Free State,0.05,84.99,4.2495,80.7405,55,25.740499999999997,31.880530836445153,Completed,2.0,Yes,No
50723,2025-02-20,1035,2014,8,Toilet Paper,Household,70,109.99,KwaZulu-Natal,0.05,879.92,43.996,835.924,560,275.924,33.008263909159204,Completed,5.0,No,No
50724,2025-01-29,1029,2011,7,Potato Chips,Snacks,12,24.99,Eastern Cape,0.0,174.92999999999998,0.0,174.92999999999998,84,90.92999999999998,51.98079231692676,Completed,6.0,No,No
50725,2026-04-07,1015,2007,11,Cooking Oil 2L,Groceries,80,119.99,Eastern Cape,0.15,1319.8899999999999,197.98349999999996,1121.9064999999998,880,241.90649999999982,21.56209095856026,Pending,4.0,No,No
50726,2025-10-23,1033,2009,11,Breakfast Cereal,Groceries,55,89.99,Eastern Cape,0.15,989.89,148.4835,841.4065,605,236.40650000000005,28.09658589516483,Cancelled,4.0,No,No
50727,2025-10-24,1007,2016,9,Chicken 2kg,Fresh Produce,85,129.99,KwaZulu-Natal,0.1,1169.91,116.99100000000001,1052.919,765,287.9190000000001,27.344838491849803,Completed,2.0,Yes,No
50728,2026-02-11,1012,2005,3,Laundry Powder,Cleaning,100,145.0,KwaZulu-Natal,0.05,435.0,21.75,413.25,300,113.25,27.404718693284934,Completed,1.0,Yes,No
50729,2026-02-09,1049,2020,2,Microwave Oven,Electronics,1200,1799.99,Western Cape,0.15,3599.98,539.997,3059.983,2400,659.9830000000002,21.568191718712168,Cancelled,3.0,Yes,No
50730,2025-12-12,1030,2010,1,Orange Juice,Beverages,25,44.99,Eastern Cape,0.08,44.99,3.5992,41.3908,25,16.3908,39.60010437101965,Completed,4.0,No,No
50731,2026-02-24,1021,2018,3,LED Television,Electronics,3800,5499.99,Western Cape,0.1,16499.97,1649.9970000000003,14849.973000000002,11400,3449.973000000002,23.232183654475342,Completed,1.0,Yes,No
50732,2025-07-01,1031,2003,5,Rice 10kg,Groceries,120,179.99,KwaZulu-Natal,0.08,899.95,71.99600000000001,827.9540000000001,600,227.95400000000006,27.532205895496613,Completed,3.0,Yes,No
50733,2025-01-01,1024,2013,11,Shampoo,Personal Care,65,99.99,Gauteng,0.1,1099.8899999999999,109.98899999999999,989.9009999999998,715,274.90099999999984,27.77055483326109,Pending,2.0,Yes,No
50734,2026-01-06,1020,2011,2,Potato Chips,Snacks,12,24.99,Eastern Cape,0.0,49.98,0.0,49.98,24,25.979999999999997,51.980792316926774,Completed,2.0,Yes,No
50735,2026-03-07,1037,2017,12,Beef Mince 1kg,Fresh Produce,100,159.99,KwaZulu-Natal,0.05,1919.88,95.99400000000001,1823.8860000000002,1200,623.8860000000002,34.20641421667802,Cancelled,3.0,Yes,No
50736,2025-11-05,1004,2013,3,Shampoo,Personal Care,65,99.99,Free State,0.03,299.96999999999997,8.999099999999999,290.9709,195,95.97089999999997,32.982989020551535,Completed,3.0,Yes,No
50737,2025-05-17,1028,2006,4,Chocolate Bar,Snacks,9,17.99,Western Cape,0.0,71.96,0.0,71.96,36,35.959999999999994,49.972206781545296,Completed,2.0,Yes,No
50738,2025-07-21,1044,2017,7,Beef Mince 1kg,Fresh Produce,100,159.99,Western Cape,0.05,1119.93,55.996500000000005,1063.9335,700,363.9335000000001,34.20641421667802,Completed,4.0,No,No
50739,2026-03-12,1020,2013,3,Shampoo,Personal Care,65,99.99,Eastern Cape,0.0,299.96999999999997,0.0,299.96999999999997,195,104.96999999999997,34.993499349934986,Completed,1.0,Yes,No
50740,2025-11-09,1024,2019,9,Bluetooth Speaker,Electronics,500,799.99,Gauteng,0.05,7199.91,359.9955,6839.9145,4500,2339.9145,34.20970393708869,Completed,2.0,Yes,No
50741,2025-04-27,1050,2019,8,Bluetooth Speaker,Electronics,500,799.99,Eastern Cape,0.05,6399.92,319.99600000000004,6079.924,4000,2079.924,34.20970393708869,Completed,5.0,No,No
50742,2025-09-01,1049,2010,4,Orange Juice,Beverages,25,44.99,Western Cape,0.05,179.96,8.998000000000001,170.96200000000002,100,70.96200000000002,41.50746949614535,Pending,3.0,Yes,No
50743,2026-06-21,1032,2003,1,Rice 10kg,Groceries,120,179.99,Eastern Cape,0.0,179.99,0.0,179.99,120,59.99000000000001,33.32962942385688,Cancelled,2.0,Yes,No
50744,2025-03-16,1041,2014,1,Toilet Paper,Household,70,109.99,Eastern Cape,0.03,109.99,3.2996999999999996,106.6903,70,36.69029999999999,34.3895368182487,Pending,2.0,Yes,No
50745,2026-01-21,1036,2019,1,Bluetooth Speaker,Electronics,500,799.99,Free State,0.15,799.99,119.99849999999999,679.9915,500,179.99149999999997,26.46966910615794,Pending,6.0,No,No
50746,2025-07-29,1034,2005,1,Laundry Powder,Cleaning,100,145.0,Gauteng,0.03,145.0,4.35,140.65,100,40.650000000000006,28.901528617134737,Completed,2.0,Yes,No
50747,2026-04-20,1036,2005,8,Laundry Powder,Cleaning,100,145.0,Free State,0.15,1160.0,174.0,986.0,800,186.0,18.864097363083165,Pending,4.0,No,No
50748,2026-02-22,1002,2020,3,Microwave Oven,Electronics,1200,1799.99,Free State,0.05,5399.97,269.99850000000004,5129.971500000001,3600,1529.9715000000006,29.824171537795102,Completed,6.0,No,No
50749,2025-12-13,1015,2017,6,Beef Mince 1kg,Fresh Produce,100,159.99,Eastern Cape,0.08,959.94,76.79520000000001,883.1448,600,283.14480000000003,32.060971202004474,Completed,3.0,Yes,No
50750,2026-06-13,1034,2010,3,Orange Juice,Beverages,25,44.99,Gauteng,0.03,134.97,4.0491,130.9209,75,55.92089999999999,42.71350105292584,Completed,6.0,No,No
50751,2025-06-28,1036,2005,11,Laundry Powder,Cleaning,100,145.0,Free State,0.15,1595.0,239.25,1355.75,1100,255.75,18.864097363083165,Completed,2.0,Yes,No
50752,2025-07-01,1006,2004,5,Coca-Cola 2L,Beverages,17,26.99,Western Cape,0.08,134.95,10.796,124.154,85,39.153999999999996,31.536639979380443,Pending,4.0,No,No
50753,2025-01-25,1039,2006,7,Chocolate Bar,Snacks,9,17.99,Gauteng,0.0,125.92999999999999,0.0,125.92999999999999,63,62.92999999999999,49.972206781545296,Completed,6.0,No,No
50754,2025-06-29,1042,2004,2,Coca-Cola 2L,Beverages,17,26.99,Gauteng,0.0,53.98,0.0,53.98,34,19.979999999999997,37.013708781030005,Completed,1.0,Yes,No
50755,2026-05-16,1012,2007,6,Cooking Oil 2L,Groceries,80,119.99,KwaZulu-Natal,0.03,719.9399999999999,21.5982,698.3417999999999,480,218.34179999999992,31.265749809047655,Completed,4.0,No,No
50756,2025-06-10,1003,2007,6,Cooking Oil 2L,Groceries,80,119.99,KwaZulu-Natal,0.03,719.9399999999999,21.5982,698.3417999999999,480,218.34179999999992,31.265749809047655,Completed,1.0,Yes,No
50757,2025-06-26,1045,2018,11,LED Television,Electronics,3800,5499.99,Western Cape,0.15,60499.89,9074.9835,51424.9065,41800,9624.906499999997,18.716429751797406,Completed,1.0,Yes,No
50758,2025-10-12,1018,2003,3,Rice 10kg,Groceries,120,179.99,Free State,0.05,539.97,26.998500000000003,512.9715,360,152.9715,29.820662551428295,Pending,6.0,No,No
50759,2025-03-04,1040,2001,6,White Bread,Bakery,10,18.99,Western Cape,0.08,113.94,9.1152,104.8248,60,44.824799999999996,42.761636559287496,Completed,6.0,No,No
50760,2025-06-05,1021,2004,10,Coca-Cola 2L,Beverages,17,26.99,Western Cape,0.05,269.9,13.495,256.405,170,86.40499999999997,33.69864082213685,Cancelled,5.0,No,Yes
50761,2026-04-14,1015,2006,10,Chocolate Bar,Snacks,9,17.99,Eastern Cape,0.1,179.89999999999998,17.99,161.90999999999997,90,71.90999999999997,44.41356309060588,Completed,5.0,No,No
50762,2025-02-18,1033,2009,5,Breakfast Cereal,Groceries,55,89.99,Eastern Cape,0.05,449.95,22.497500000000002,427.4525,275,152.4525,35.665366327252734,Cancelled,2.0,Yes,No
50763,2025-03-25,1035,2014,12,Toilet Paper,Household,70,109.99,KwaZulu-Natal,0.05,1319.8799999999999,65.994,1253.886,840,413.88599999999997,33.008263909159204,Pending,4.0,No,No
50764,2025-12-27,1026,2012,2,Dishwashing Liquid,Cleaning,45,69.99,KwaZulu-Natal,0.05,139.98,6.999,132.981,90,42.980999999999995,32.32115866176371,Pending,5.0,No,No
50765,2025-05-28,1008,2020,9,Microwave Oven,Electronics,1200,1799.99,KwaZulu-Natal,0.15,16199.91,2429.9865,13769.9235,10800,2969.923500000001,21.568191718712168,Completed,1.0,Yes,No
50766,2025-12-08,1036,2004,8,Coca-Cola 2L,Beverages,17,26.99,Free State,0.15,215.92,32.388,183.53199999999998,136,47.53199999999998,25.89848091885883,Completed,5.0,No,No
50767,2026-04-21,1048,2012,3,Dishwashing Liquid,Cleaning,45,69.99,Free State,0.08,209.96999999999997,16.7976,193.17239999999998,135,58.17239999999998,30.11423992247339,Completed,3.0,Yes,No
50768,2025-03-04,1030,2010,8,Orange Juice,Beverages,25,44.99,Eastern Cape,0.1,359.92,35.992000000000004,323.928,200,123.928,38.257884468153414,Completed,2.0,Yes,No
50769,2025-12-26,1023,2007,9,Cooking Oil 2L,Groceries,80,119.99,Eastern Cape,0.15,1079.9099999999999,161.98649999999998,917.9234999999999,720,197.92349999999988,21.562090958560262,Completed,4.0,No,No
50770,2025-11-23,1042,2003,3,Rice 10kg,Groceries,120,179.99,Gauteng,0.05,539.97,26.998500000000003,512.9715,360,152.9715,29.820662551428295,Completed,4.0,No,No
50771,2025-05-21,1044,2014,3,Toilet Paper,Household,70,109.99,Western Cape,0.05,329.96999999999997,16.4985,313.4715,210,103.47149999999999,33.008263909159204,Pending,3.0,Yes,Yes
50772,2025-08-03,1014,2010,2,Orange Juice,Beverages,25,44.99,Western Cape,0.08,89.98,7.1984,82.7816,50,32.7816,39.60010437101965,Completed,4.0,No,No
50773,2026-03-11,1014,2016,8,Chicken 2kg,Fresh Produce,85,129.99,Western Cape,0.15,1039.92,155.988,883.932,680,203.93200000000002,23.071005461958613,Pending,2.0,Yes,No
50774,2025-11-14,1002,2016,10,Chicken 2kg,Fresh Produce,85,129.99,Free State,0.15,1299.9,194.985,1104.915,850,254.91499999999996,23.07100546195861,Pending,3.0,Yes,No
50775,2025-02-01,1037,2010,1,Orange Juice,Beverages,25,44.99,KwaZulu-Natal,0.08,44.99,3.5992,41.3908,25,16.3908,39.60010437101965,Completed,4.0,No,No
50776,2025-10-12,1005,2013,8,Shampoo,Personal Care,65,99.99,Free State,0.05,799.92,39.996,759.924,520,239.92399999999998,31.57210457887894,Completed,3.0,Yes,No
50777,2025-11-01,1038,2006,7,Chocolate Bar,Snacks,9,17.99,Free State,0.08,125.92999999999999,10.074399999999999,115.8556,63,52.855599999999995,45.62196389298403,Completed,2.0,Yes,No
50778,2026-03-05,1045,2012,7,Dishwashing Liquid,Cleaning,45,69.99,Western Cape,0.08,489.92999999999995,39.194399999999995,450.7356,315,135.73559999999998,30.114239922473395,Cancelled,1.0,Yes,No
50779,2026-04-22,1041,2009,3,Breakfast Cereal,Groceries,55,89.99,Eastern Cape,0.08,269.96999999999997,21.597599999999996,248.37239999999997,165,83.37239999999997,33.567497837924016,Pending,2.0,Yes,No
50780,2025-10-13,1047,2013,1,Shampoo,Personal Care,65,99.99,Western Cape,0.08,99.99,7.9992,91.9908,65,26.990799999999993,29.340760162972813,Pending,2.0,Yes,No
50781,2025-05-24,1014,2004,4,Coca-Cola 2L,Beverages,17,26.99,Western Cape,0.0,107.96,0.0,107.96,68,39.959999999999994,37.013708781030005,Completed,1.0,Yes,No
50782,2026-02-28,1039,2011,9,Potato Chips,Snacks,12,24.99,Gauteng,0.05,224.91,11.2455,213.6645,108,105.6645,49.45346559676502,Cancelled,5.0,No,Yes
50783,2025-01-19,1025,2020,5,Microwave Oven,Electronics,1200,1799.99,Gauteng,0.0,8999.95,0.0,8999.95,6000,2999.9500000000007,33.33296296090534,Completed,4.0,No,No
50784,2025-01-18,1020,2018,1,LED Television,Electronics,3800,5499.99,Eastern Cape,0.15,5499.99,824.9984999999999,4674.9915,3800,874.9915000000001,18.71642975179741,Completed,6.0,No,No
50785,2026-01-06,1002,2011,5,Potato Chips,Snacks,12,24.99,Free State,0.05,124.94999999999999,6.2475,118.70249999999999,60,58.702499999999986,49.453465596765014,Cancelled,2.0,Yes,No
50786,2025-06-24,1039,2004,8,Coca-Cola 2L,Beverages,17,26.99,Gauteng,0.15,215.92,32.388,183.53199999999998,136,47.53199999999998,25.89848091885883,Completed,5.0,No,No
50787,2025-07-13,1006,2018,8,LED Television,Electronics,3800,5499.99,Western Cape,0.1,43999.92,4399.992,39599.928,30400,9199.928,23.23218365447533,Pending,2.0,Yes,No
50788,2026-05-17,1017,2001,5,White Bread,Bakery,10,18.99,Eastern Cape,0.05,94.94999999999999,4.7475,90.20249999999999,50,40.202499999999986,44.569163825836306,Completed,1.0,Yes,No
50789,2025-04-23,1025,2007,12,Cooking Oil 2L,Groceries,80,119.99,Gauteng,0.05,1439.8799999999999,71.994,1367.886,960,407.88599999999997,29.818712962922344,Completed,4.0,No,No
50790,2025-04-24,1028,2006,9,Chocolate Bar,Snacks,9,17.99,Western Cape,0.15,161.91,24.2865,137.6235,81,56.62350000000001,41.14377268417095,Completed,4.0,No,No
50791,2025-08-10,1002,2015,1,Cheese 500g,Dairy,55,84.99,Free State,0.0,84.99,0.0,84.99,55,29.989999999999995,35.286504294622894,Completed,5.0,No,No
50792,2025-09-21,1035,2018,4,LED Television,Electronics,3800,5499.99,KwaZulu-Natal,0.05,21999.96,1099.998,20899.962,15200,5699.9619999999995,27.272595041081892,Cancelled,1.0,Yes,No
50793,2025-02-24,1037,2011,3,Potato Chips,Snacks,12,24.99,KwaZulu-Natal,0.03,74.97,2.2491,72.7209,36,36.7209,50.49566218239874,Completed,5.0,No,No
50794,2026-04-03,1005,2020,2,Microwave Oven,Electronics,1200,1799.99,Free State,0.0,3599.98,0.0,3599.98,2400,1199.98,33.33296296090534,Completed,4.0,No,No
50795,2025-06-11,1001,2015,8,Cheese 500g,Dairy,55,84.99,Eastern Cape,0.05,679.92,33.996,645.924,440,205.92399999999998,31.880530836445153,Completed,6.0,No,No
50796,2026-01-15,1040,2016,7,Chicken 2kg,Fresh Produce,85,129.99,Western Cape,0.0,909.9300000000001,0.0,909.9300000000001,595,314.93000000000006,34.610354642664824,Completed,4.0,No,No
50797,2025-03-28,1012,2007,9,Cooking Oil 2L,Groceries,80,119.99,KwaZulu-Natal,0.1,1079.9099999999999,107.99099999999999,971.9189999999999,720,251.91899999999987,25.919752571973582,Completed,2.0,Yes,No
50798,2025-02-24,1036,2010,2,Orange Juice,Beverages,25,44.99,Free State,0.05,89.98,4.4990000000000006,85.48100000000001,50,35.48100000000001,41.50746949614535,Completed,6.0,No,No
50799,2026-04-21,1045,2012,4,Dishwashing Liquid,Cleaning,45,69.99,Western Cape,0.05,279.96,13.998,265.962,180,85.96199999999999,32.32115866176371,Completed,5.0,No,No
50800,2025-06-27,1023,2014,6,Toilet Paper,Household,70,109.99,Eastern Cape,0.03,659.9399999999999,19.798199999999998,640.1418,420,220.1418,34.38953681824871,Completed,2.0,Yes,No
